Topic,Count,Name,Representation,Representative_Docs,IDs
-1,1100,-1_to_and_for_the,"['to', 'and', 'for', 'the', 'in', 'of', 'that', 'have', 'students', 'are']","[""As someone who works for the university an answer that comes to mind is to pay people more, particularly people who are in lower paying jobs. I'm doing well but not everyone employed here is making a wage that would create security. If I had children or was caring for a family member inflation would have me on edge right now and I would perhaps need to earn more to feel secure. "", ""Right now we are doing a good job starting up the food pantry for students, and working on a community garden.  I know that some of my co-workers either work or have had to work multiple jobs in order to live sustainably, so having more conversations about that and coming up with solutions would be good.  While having good food security at home is the best option, I think having a cafeteria with consistent hours and reasonable food prices could potentially be helpful for our student and staff population.  As for housing, we don't offer anything that I am aware of to address that issue.  We can only point others to outside resources that are available."", 'The pay is insufficient even for faculty who have been here many years.  Students, who we encourage to get an education, see people with 10 + years of university and PhDs earning less than a manager at a Starbucks with a high school diploma.  They take note of this and basically think we are stupid to go into a profession that pays so little.  The college\'s view is that if anyone in teaching wants to earn good money, get out of teaching as fast as possible, and go into administration because that\'s where the money is.  But, what if teaching is our gift, and we want to share that, but also earn a decent salary--the college doesn\'t care, the Board and the Legislature doesn\'t have a clue, and they think administrators are more qualified (nothing could be further from the truth) or that they have more responsibility . . . but they are constantly saying that we, the faculty, are face-to-face with students and that\'s the most important thing, but obviously it isn\'t because they won\'t pay us what we\'re worth.  So many people are leaving this profession because of poor treatment.  NEVER say ""people don\'t go into education for the money, it\'s a vocation"" NO IT ISN\'T, it\'s a job, a job that requires years of graduate school.  We earn and deserve decent pay--we\'re not Mother Theresa, we\'re people who want to look after our families. ']","['93', '176', '211', '379', '380', '406', '417', '458', '504', '517', '581', '589', '707', '955', '980', '1008', '1060', '1128', '1226', '1367', '1374', '1453', '1603', '1634', '1929', '2226', '2266', '2375', '2400', '2511', '2537', '2557', '2568', '2571', '2574', '2577', '2589', '2603', '2604', '2608', '2619', '2643', '2653', '2721', '2738', '2748', '2785', '2800', '2810', '2870', '2871', '2965', '3037', '3113', '3315', '3342', '3435', '3450', '3463', '3491', '3529', '3569', '3729', '3748', '3846', '3872', '3879', '3905', '3922', '3925', '4047', '4050', '4051', '4057', '4085', '4221', '4285', '4399', '4485', '4541', '4550', '4556', '4580', '4708', '4724', '4933', '5507', '5538', '5597', '5615', '5638', '5643', '5800', '5880', '5888', '5909', '5915', '5921', '5925', '5982', '5987', '5989', '5997', '6010', '6029', '6071', '6101', '6124', '6136', '6149', '6153', '6170', '6171', '6197', '6244', '6261', '6287', '6302', '6303', '6327', '6346', '6379', '6382', '6441', '6530', '6598', '6654', '6663', '6669', '6671', '6686', '6749', '6792', '6909', '6951', '6954', '6997', '7003', '7017', '7030', '7102', '7170', '7223', '7255', '7265', '7310', '7327', '7350', '7459', '7477', '7563', '7605', '7647', '7657', '7702', '7709', '7751', '7755', '7767', '7886', '7903', '7933', '7940', '7958', '7985', '8014', '8028', '8082', '8095', '8158', '8243', '8278', '8325', '8364', '8472', '8475', '8579', '8703', '8796', '8897', '8909', '8918', '8928', '8945', '8971', '8998', '9003', '9029', '9030', '9038', '9044', '9085', '9088', '9113', '9157', '9192', '9202', '9263', '9270', '9305', '9481', '9566', '9793', '9864', '9896', '9927', '9981', '10036', '10081', '10135', '10182', '10196', '10221', '10238', '10240', '10254', '10258', '10311', '10393', '10447', '10485', '10498', '10566', '10628', '10684', '10688', '10698', '10700', '10705', '10751', '10762', '10776', '10778', '10832', '10957', '11274', '11463', '11500', '11534', '11547', '11557', '12109', '12126', '12140', '12155', '12158', '12296', '12343', '12345', '12374', '12462', '12494', '12817', '12818', '12887', '12900', '12980', '13004', '13017', '13051', '13120', '13139', '13283', '13404', '13405', '13406', '13407', '13408', '13412', '13451', '13638', '13830', '13835', '13844', '13886', '13910', '13916', '13918', '14017', '14101', '14149', '14157', '14261', '14314', '14388', '14432', '14613', '14880', '14896', '14943', '14989', '15072', '15121', '15130', '15174', '15221', '15222', '3', '7', '17', '88', '91', '93', '103', '141', '154', '184', '211', '216', '217', '228', '318', '356', '367', '410', '411', '412', '417', '445', '455', '458', '459', '473', '504', '513', '521', '522', '562', '577', '581', '584', '589', '627', '755', '888', '895', '904', '954', '955', '957', '979', '988', '989', '990', '1008', '1021', '1029', '1041', '1078', '1102', '1114', '1128', '1154', '1165', '1167', '1251', '1287', '1292', '1295', '1298', '1321', '1332', '1339', '1377', '1413', '1433', '1446', '1453', '1495', '1634', '1682', '1737', '1929', '2137', '2215', '2266', '2375', '2400', '2404', '2406', '2410', '2416', '2422', '2430', '2443', '2448', '2452', '2503', '2508', '2510', '2520', '2524', '2534', '2535', '2537', '2545', '2566', '2568', '2577', '2593', '2597', '2603', '2608', '2637', '2639', '2643', '2644', '2651', '2667', '2684', '2686', '2689', '2703', '2704', '2717', '2721', '2738', '2741', '2757', '2760', '2784', '2785', '2800', '2822', '2841', '2845', '2870', '2879', '2902', '2941', '2956', '2966', '2994', '3058', '3080', '3112', '3136', '3157', '3161', '3315', '3342', '3356', '3411', '3437', '3444', '3450', '3463', '3466', '3474', '3550', '3569', '3573', '3639', '3702', '3709', '3734', '3752', '3847', '3885', '3893', '3909', '3922', '3941', '3993', '4002', '4049', '4057', '4064', '4124', '4220', '4221', '4238', '4311', '4482', '4485', '4550', '4556', '4580', '4681', '4705', '4724', '4736', '4878', '5041', '5079', '5080', '5095', '5183', '5263', '5265', '5280', '5345', '5460', '5488', '5503', '5507', '5538', '5597', '5600', '5818', '5823', '5845', '5847', '5850', '5852', '5855', '5863', '5877', '5907', '5909', '5918', '5925', '5931', '5935', '5937', '5982', '5989', '5997', '6006', '6008', '6028', '6035', '6044', '6062', '6072', '6074', '6080', '6088', '6090', '6101', '6104', '6105', '6110', '6119', '6124', '6131', '6161', '6170', '6173', '6197', '6238', '6243', '6247', '6250', '6252', '6258', '6272', '6276', '6285', '6296', '6302', '6303', '6304', '6327', '6334', '6336', '6344', '6347', '6364', '6370', '6371', '6379', '6403', '6415', '6441', '6447', '6467', '6475', '6501', '6508', '6568', '6631', '6646', '6652', '6687', '6696', '6698', '6711', '6732', '6749', '6775', '6791', '6792', '6822', '6823', '6865', '6898', '6905', '6933', '6940', '6954', '6968', '6985', '6997', '7007', '7017', '7019', '7030', '7047', '7075', '7088', '7101', '7102', '7120', '7137', '7177', '7193', '7234', '7249', '7265', '7274', '7283', '7327', '7408', '7427', '7447', '7459', '7491', '7520', '7532', '7551', '7553', '7560', '7563', '7564', '7586', '7610', '7628', '7645', '7649', '7652', '7656', '7660', '7665', '7669', '7696', '7702', '7709', '7753', '7770', '7774', '7797', '7807', '7813', '7840', '7881', '7892', '7927', '7950', '7956', '7958', '7968', '8014', '8015', '8018', '8022', '8043', '8050', '8079', '8082', '8115', '8120', '8130', '8164', '8178', '8180', '8364', '8397', '8485', '8559', '8579', '8596', '8612', '8693', '8703', '8796', '8810', '8888', '8897', '8899', '8909', '8913', '8915', '8918', '8920', '8928', '8936', '8938', '8941', '8943', '8946', '8954', '8960', '8962', '8967', '8969', '8970', '8979', '8981', '8986', '8987', '8989', '9003', '9017', '9025', '9030', '9036', '9042', '9075', '9078', '9084', '9093', '9096', '9105', '9120', '9128', '9133', '9153', '9166', '9168', '9172', '9213', '9218', '9263', '9280', '9281', '9295', '9309', '9310', '9315', '9336', '9415', '9438', '9466', '9486', '9500', '9507', '9522', '9524', '9546', '9553', '9566', '9571', '9620', '9634', '9687', '9698', '9775', '9836', '9864', '10036', '10043', '10057', '10081', '10084', '10108', '10112', '10182', '10220', '10230', '10240', '10316', '10318', '10356', '10363', '10366', '10394', '10413', '10421', '10436', '10461', '10520', '10566', '10586', '10620', '10628', '10684', '10735', '10737', '10751', '10760', '10764', '10768', '10776', '10778', '10832', '10881', '10957', '11039', '11061', '11078', '11091', '11095', '11274', '11420', '11463', '11538', '11557', '11604', '11679', '11797', '11822', '11909', '12110', '12131', '12158', '12221', '12231', '12259', '12339', '12365', '12427', '12444', '12447', '12462', '12478', '12494', '12552', '12583', '12661', '12674', '12680', '12774', '12827', '12850', '12965', '13010', '13017', '13020', '13032', '13051', '13064', '13080', '13110', '13139', '13153', '13182', '13194', '13236', '13289', '13313', '13383', '13397', '13406', '13407', '13408', '13451', '13537', '13605', '13706', '13730', '13731', '13761', '13793', '13801', '13804', '13830', '13850', '13852', '13866', '13906', '13907', '13953', '13959', '13987', '13993', '14001', '14017', '14034', '14046', '14125', '14149', '14202', '14219', '14261', '14314', '14388', '14422', '14444', '14458', '14486', '14510', '14544', '14601', '14604', '14644', '14842', '14896', '14915', '14943', '14988', '14996', '14999', '15000', '15012', '15070', '15101', '15121', '15125', '15174', '15213', '15214', '228', '257', '285', '318', '380', '411', '445', '685', '706', '819', '895', '955', '973', '1059', '1060', '1118', '1174', '1188', '1237', '1298', '1332', '1379', '1568', '1574', '1576', '1623', '1682', '2156', '2414', '2520', '2547', '2560', '2571', '2574', '2603', '2617', '2703', '2704', '2784', '2785', '2836', '2841', '2871', '2879', '2946', '3080', '3113', '3135', '3270', '3315', '3327', '3349', '3443', '3508', '3522', '3702', '3752', '3875', '3885', '3918', '3964', '4060', '4170', '4220', '4724', '4759', '4854', '5269', '5280', '5345', '5600', '5719', '5814', '5823', '5850', '5986', '5989', '6008', '6018', '6020', '6035', '6061', '6062', '6071', '6105', '6121', '6135', '6149', '6243', '6284', '6296', '6305', '6340', '6374', '6382', '6444', '6505', '6607', '6792', '6865', '6905', '6940', '7256', '7550', '7638', '7656', '7755', '7931', '8015', '8040', '8043', '8130', '8158', '8164', '8178', '8180', '8884', '8912', '8920', '8941', '8957', '8961', '8969', '8979', '8989', '8998', '9071', '9072', '9106', '9182', '9420', '9553', '9566', '10177', '10183', '10238', '10240', '10254', '10258', '10316', '10366', '10413', '10436', '10586', '10620', '10622', '10684', '10695', '10697', '10764', '10792', '10881', '11065', '11274', '11797', '11863', '12109', '12158', '12183', '12233', '12320', '12361', '12464', '12468', '12674', '12817', '12827', '12831', '12887', '12900', '13067', '13094', '13110', '13203', '13288', '13289', '13321', '13462', '13495', '13850', '13866', '13867', '13888', '13927', '13933', '13987', '13997', '14136', '14231', '14388', '14444', '14486', '14879', '14925', '14996', '14999', '15000', '15012']"
0,385,0_no_yes_sã_lo,"['no', 'yes', 'sã', 'lo', '', '', '', '', '', '']","['No', 'no', 'No']","['34', '97', '1066', '1078', '1739', '2056', '2330', '2406', '2636', '2641', '2651', '2690', '2758', '2807', '2816', '3177', '3444', '3531', '3826', '3855', '3900', '3943', '4350', '4498', '4872', '4873', '4874', '4924', '4925', '5015', '5020', '5041', '5042', '5059', '5080', '6025', '6222', '6506', '6673', '6707', '6866', '6959', '7218', '7249', '7423', '7553', '7769', '7931', '7944', '8009', '9017', '9025', '9095', '9165', '9186', '9819', '10124', '10965', '11290', '11596', '12134', '12156', '12444', '12690', '13149', '13182', '13219', '13505', '13564', '13635', '13792', '13884', '14422', '14567', '14608', '14777', '14865', '15235', '2330', '3177', '3943', '4350', '4498', '4872', '4873', '4874', '4924', '4925', '5017', '5020', '5059', '8083', '11227', '11290', '11691', '12410', '13564', '3', '91', '109', '163', '330', '333', '342', '397', '455', '503', '562', '748', '837', '937', '942', '1030', '1066', '1078', '1097', '1099', '1102', '1293', '1312', '1334', '1413', '1506', '1611', '1739', '2122', '2226', '2375', '2394', '2411', '2412', '2431', '2438', '2448', '2523', '2530', '2572', '2578', '2597', '2636', '2713', '2720', '2822', '2845', '2870', '2877', '2906', '2927', '2965', '2976', '3025', '3037', '3107', '3165', '3177', '3203', '3260', '3308', '3435', '3506', '3531', '3734', '3808', '3822', '3823', '3826', '3837', '3869', '3872', '3896', '3936', '3943', '3986', '3993', '4002', '4020', '4044', '4050', '4056', '4157', '4158', '4222', '4256', '4285', '4345', '4498', '4541', '4550', '4556', '4580', '4681', '4736', '4872', '4874', '4878', '4924', '4925', '4933', '5015', '5017', '5020', '5059', '5080', '5248', '5264', '5265', '5460', '5486', '5503', '5507', '5509', '5559', '5572', '5595', '5643', '5659', '5825', '5828', '5879', '5901', '5903', '5907', '5956', '5966', '6002', '6011', '6080', '6090', '6107', '6132', '6153', '6231', '6242', '6250', '6256', '6261', '6314', '6315', '6319', '6415', '6438', '6528', '6529', '6602', '6668', '6728', '6850', '6943', '6950', '6959', '6975', '6979', '7019', '7025', '7137', '7213', '7223', '7420', '7447', '7610', '7639', '7657', '7671', '7684', '7797', '7831', '7996', '8034', '8050', '8083', '8155', '8271', '8576', '8787', '8796', '8888', '8905', '8929', '8937', '8960', '8962', '9017', '9030', '9057', '9059', '9077', '9083', '9120', '9181', '9186', '9213', '9228', '9258', '9290', '9295', '9309', '9463', '9494', '9687', '9690', '9793', '9816', '9927', '10012', '10070', '10129', '10230', '10231', '10279', '10315', '10323', '10386', '10566', '10628', '10678', '10700', '10737', '10832', '10990', '11040', '11057', '11071', '11092', '11172', '11227', '11290', '11500', '11578', '11679', '11691', '11790', '11976', '12107', '12131', '12266', '12296', '12369', '12374', '12386', '12396', '12410', '12411', '12427', '12594', '12661', '12680', '12688', '12728', '12774', '13080', '13121', '13139', '13149', '13173', '13316', '13377', '13460', '13505', '13564', '13726', '13730', '13756', '13766', '13791', '13823', '13833', '13907', '13988', '13994', '14034', '14078', '14093', '14330', '14607', '14615', '14619', '14777', '14952', '14989', '15004', '15111', '15125', '15138', '15174', '15213']"
1,132,1_pantry_food_campus_students,"['pantry', 'food', 'campus', 'students', 'the', 'or', 'our', 'we', 'to', 'have']","['Have the food pantry open to staff and faculty that need it. Have more healthy food available.', 'Have a food pantry on campus', 'Have a campus food pantry']","['3136', '164', '242', '266', '286', '313', '330', '342', '707', '945', '983', '1030', '1357', '1384', '1574', '1978', '2370', '2408', '2453', '2590', '2591', '2604', '2642', '2720', '2730', '2736', '2758', '2792', '3154', '3165', '3323', '3491', '3826', '3869', '3887', '3924', '4155', '4648', '5828', '5913', '5968', '6000', '6002', '6037', '6100', '6102', '6374', '6559', '6850', '6917', '7024', '7259', '7482', '7594', '7620', '7933', '7940', '7944', '7990', '8002', '8567', '8787', '8883', '9029', '9038', '9114', '9192', '9197', '9202', '9252', '9501', '9649', '10065', '10141', '10231', '10371', '10447', '10685', '10688', '10692', '10697', '10698', '10706', '10715', '10739', '10792', '10977', '11012', '11019', '11479', '11531', '11540', '11670', '11888', '12080', '12289', '12297', '12397', '12404', '12601', '13035', '13040', '13300', '13405', '13596', '13758', '13766', '13918', '13962', '13977', '14432', '14467', '14468', '14619', '15184', '2443', '2730', '2828', '5836', '5968', '6022', '6667', '6967', '8002', '8064', '8278', '9084', '9464', '10666', '11130', '13852', '14261']"
2,110,2_campus_on_options_healthy,"['campus', 'on', 'options', 'healthy', 'food', 'affordable', 'machines', 'snacks', 'provide', 'vending']","['have food options on campus', 'On campus options for food.', 'more food on campus and options']","['411', '2392', '2599', '3212', '8194', '13850', '15010', '15050', '134', '397', '647', '1057', '1060', '1109', '1126', '1320', '1342', '1379', '1423', '1565', '2056', '2409', '2414', '2437', '2469', '2509', '2532', '2548', '2619', '2621', '2737', '2748', '2805', '2810', '2828', '2873', '2977', '2998', '3163', '3256', '3269', '3698', '3964', '3970', '3976', '4045', '4047', '4292', '5238', '5378', '5659', '5811', '5885', '5915', '5966', '6001', '6025', '6069', '6136', '6294', '6346', '6388', '6393', '6530', '6608', '6702', '7037', '7097', '7275', '7420', '7701', '7906', '7908', '7937', '8264', '8371', '8925', '8947', '9054', '9057', '9200', '9436', '9790', '10020', '10116', '10173', '10177', '10216', '10265', '10315', '11879', '12183', '12411', '13034', '13180', '13206', '13283', '13765', '13891', '14925', '663', '1456', '3112', '4722', '6336', '6662', '6698', '9436', '10977', '14751']"
3,105,3_insecurity_housing_food_or,"['insecurity', 'housing', 'food', 'or', 'my', 'work', 'security', 'am', 'insecure', 'affect']","['I have no food or housing insecurity', 'I have no food or housing insecurity.', 'I do not have food or housing insecurity']","['150', '373', '562', '761', '1441', '1568', '1682', '2209', '2414', '2534', '2570', '2597', '2717', '2956', '3161', '3164', '3467', '3811', '3909', '4049', '4311', '4482', '4710', '4736', '4854', '5204', '5249', '5388', '6276', '6286', '6304', '6370', '6393', '6501', '6511', '6702', '6734', '6905', '6940', '6975', '7043', '7252', '8340', '8538', '8576', '8693', '8867', '9056', '9059', '9070', '9447', '9501', '9620', '9836', '10146', '10392', '10421', '10768', '11012', '11479', '11679', '11797', '12131', '12361', '12404', '12552', '12774', '12850', '13110', '13194', '13605', '13866', '13888', '14219', '14544', '15126', '15195', '4854', '5851', '5894', '7255', '7609', '9191', '13377', '14491', '957', '2637', '5853', '6170', '6173', '6657', '7350', '7809', '7998', '8031', '8120', '9048', '9620', '10108', '10318', '10363', '10768', '11629', '12850', '13906']"
4,92,4_housing_campus_dorms_dorm,"['housing', 'campus', 'dorms', 'dorm', 'students', 'student', 'for', 'in', 'they', 'build']","['More campus housing', ""Our motto is iCare which couldn't be further from the truth.  Administration tries to run the college like a business and only cares about the almighty $$$.  They are so anti-employee and anti-faculty which impacts the entire campus.  If they truly cared about our students, they would provide more food resources for our students and more assistance in other areas. When our students can't find housing, our student achievement center hands the student a piece of paper with numbers for apartment complexes.  If they cared, they would actually make phone calls, it would show they cared.  I also would like to see some temporary emergency housing offered for our students."", 'There is a serious housing shortage in town. The university has dorms for students and does make dorm rooms available to faculty and staff, but having a housing specialist to help people locate available housing and/or having university housing available for faculty/staff to buy or rent would make it possible for more people to work at the university. People routinely turn down job opportunities because they cannot find nearby housing.']","['1413', '5288', '13875', '653', '706', '973', '1013', '1093', '1288', '1362', '1367', '1623', '2209', '2342', '2468', '2546', '2622', '2930', '3024', '3113', '3355', '3410', '3430', '3517', '3855', '3882', '4053', '4065', '4256', '4442', '4708', '5719', '5813', '5836', '5880', '6061', '6313', '6444', '6491', '6662', '6674', '6866', '6868', '7639', '7684', '7728', '7751', '7816', '7821', '7887', '9027', '9028', '9046', '9113', '9121', '9157', '9185', '9258', '9376', '9420', '9531', '9570', '10088', '10498', '10622', '10965', '11045', '11130', '11752', '12165', '12257', '12817', '13233', '13278', '13305', '13462', '13910', '14411', '15100', '15130', '15195', '15201', '1226', '7234', '7600', '7881', '8364', '9192', '9272', '9333', '11909', '14988']"
5,90,5_hungry_eat_tired_concentrate,"['hungry', 'eat', 'tired', 'concentrate', 'focus', 'sometimes', 'skip', 'work', 'stomach', 'when']","['Hungry, tired', 'Too hungry and tired to focus sometimes', 'I get hungry...tired']","['164', '257', '298', '318', '342', '356', '403', '627', '828', '891', '942', '1059', '1167', '1194', '1293', '1315', '1362', '2260', '2370', '2410', '2560', '2620', '2737', '2757', '2881', '2906', '2946', '3112', '3154', '3479', '3489', '3752', '3916', '4056', '4124', '5429', '5585', '5816', '5827', '5904', '5953', '6117', '6129', '6272', '6371', '6444', '6464', '6732', '7006', '7008', '7047', '7144', '7177', '7185', '7193', '7256', '7274', '7482', '7615', '8001', '8186', '8416', '8896', '8969', '10112', '10177', '10408', '10792', '10813', '11863', '12110', '12207', '12478', '12705', '12821', '12898', '13105', '13180', '13226', '13796', '13867', '14001', '14879', '14999', '15000', '3489', '1453', '3489', '5852', '6599']"
6,76,6_pantry_food_continue_accessible,"['pantry', 'food', 'continue', 'accessible', 'expand', 'offer', 'the', 'provide', 'people', 'use']","['more food at the food pantry ', 'Food pantry', 'A food pantry ']","['108', '373', '425', '496', '674', '748', '819', '977', '1099', '1113', '1334', '2611', '2666', '2906', '3087', '3308', '3439', '3479', '3529', '3920', '4050', '4161', '4365', '5248', '5288', '5928', '5936', '5986', '6007', '6032', '6116', '6129', '6135', '6322', '6394', '6701', '6909', '7012', '7026', '7185', '7208', '7218', '7350', '8064', '8344', '8867', '8907', '9059', '9076', '9077', '9640', '10233', '10238', '10302', '10354', '10466', '10690', '10707', '10742', '12095', '12354', '12471', '13067', '13173', '13367', '13828', '13973', '14091', '14151', '14408', '14607', '14751', '15045', '2599', '7908', '8115']"
7,62,7_work_sometimes_focus_about,"['work', 'sometimes', 'focus', 'about', 'bills', 'stress', 'my', 'hard', 'worrying', 'lack']","['It can be hard to focus when you are stressed about bills.', 'I am not able to put forth my best self and my best work when I am hungry and stressing about how to pay the bills.  We are judged on how we ""show up"" and it\'s hard when your clothes are old, you need a haircut, you can\'t contribute to an office gift or potluck, can\'t afford the healthcare that you need, etc. I know that I could be doing more in my work if I wasn\'t carrying the weight of this stress with me all the time and I had the money that I need to take care of myself. ', 'Sometimes I cannot focus on work because I am working about how to pay bills and get food.']","['103', '522', '1041', '1118', '1287', '1737', '1776', '2374', '2533', '2639', '2686', '2720', '2873', '3702', '3837', '3878', '4558', '4681', '5813', '5825', '5836', '5845', '6028', '6491', '6703', '6865', '6875', '7019', '7097', '7138', '7628', '7652', '7696', '8178', '8899', '8966', '8968', '9005', '9172', '9262', '9568', '9645', '9776', '10084', '10199', '10216', '10242', '10316', '10586', '10713', '11909', '12674', '13057', '13094', '13291', '13969', '13992', '14406', '14573', '10221', '11463', '14004']"
8,58,8_students_resources_them_more,"['students', 'resources', 'them', 'more', 'academic', 'reach', 'school', 'help', 'support', 'available']","['I feel they do enough for students. It is up the students to reach out to resources. ', 'have more resources for students ', 'More awareness of LoboPantry - I became more aware of it during the pandemic. Continue raising more visibility to faculty if resources to support students. Consider how the fragmentation of information across JNMâ€™s website might lead to missed opportunities to support students. Consider a UX designer consult for our website.']","['6247', '115', '852', '1014', '1427', '2156', '2167', '2321', '2589', '3164', '3452', '3905', '4205', '5015', '5078', '5093', '5269', '5941', '6054', '6240', '6284', '6314', '6326', '6355', '6399', '6599', '6658', '6714', '7847', '8278', '8479', '8896', '9070', '9074', '9290', '10666', '10700', '11596', '12109', '12746', '13039', '13260', '13756', '13798', '14809', '15235', '410', '459', '589', '2757', '5599', '6393', '6427', '9507', '9776', '9836', '11287', '13706']"
9,55,9_none_12_121_moment,"['none', '12', '121', 'moment', 'any', 'at', 'think', 'all', 'can', 'of']","['none', 'none', 'none']","['674', '813', '1379', '2411', '4065', '4964', '6256', '7026', '7285', '7293', '7494', '7614', '7956', '10000', '10678', '10679', '11057', '11888', '11899', '13078', '13413', '13857', '13967', '14081', '2411', '4964', '5615', '6091', '6282', '10000', '10135', '10678', '13078', '13834', '13967', '3811', '3966', '4964', '5079', '5429', '5597', '6482', '6909', '7285', '7459', '9125', '10000', '11903', '12095', '12494', '12818', '13078', '13796', '13967', '14601']"
10,53,10_survey_thank_this_you,"['survey', 'thank', 'this', 'you', 'hope', 'conducting', 'for', 'important', 'results', 'thanks']","['Thank you for the survey. ', 'No, thank you for this survey!', 'Thank you for this survey. ']","['8444', '522', '788', '1014', '1105', '1128', '1214', '2406', '2557', '2741', '2760', '2848', '2966', '3893', '3909', '5263', '5413', '5863', '5909', '5953', '6076', '6119', '6313', '6346', '6355', '6379', '6388', '6559', '7265', '7408', '7563', '7877', '7956', '8897', '8902', '8915', '9037', '9075', '9076', '9107', '9280', '9336', '10146', '10466', '10706', '10778', '11166', '11534', '11538', '11547', '13291', '13425', '14314']"
11,52,11_no_yes__,"['no', 'yes', '', '', '', '', '', '', '', '']","['No.', 'no.', 'No...']","['954', '1237', '10692', '1501', '3413', '3435', '8023', '11976', '13121', '923', '1321', '1422', '1446', '1501', '2534', '2816', '3046', '3413', '3466', '3550', '5488', '6281', '6399', '6530', '6658', '6998', '7017', '7293', '7729', '8894', '8953', '9028', '9142', '9165', '9698', '10023', '10395', '10687', '10826', '10975', '11820', '12105', '12404', '13120', '13226', '13447', '13763', '13839', '14411', '14715', '15121', '15222']"
12,51,12_na_virtually_ninguna_ni,"['na', 'virtually', 'ninguna', 'ni', 'nada', 'jonen', 'afectan', 'work', 'no', '']","['na', 'na', 'na']","['91', '243', '391', '496', '584', '1380', '2377', '3457', '3639', '4020', '5659', '5852', '6238', '6456', '6950', '7024', '7029', '8349', '8903', '9680', '10591', '10760', '11691', '12615', '13195', '13391', '13828', '15129', '243', '391', '1380', '3457', '4020', '6456', '8349', '10030', '10591', '13391', '243', '391', '406', '496', '1380', '3457', '3500', '6282', '9068', '10030', '10591', '10760', '14594']"
13,50,13_doesn_does_it_not,"['doesn', 'does', 'it', 'not', 'moment', 'alot', 'doesâ', 'younger', 'luckily', 'fortunately']","[""it doesn't"", ""It doesn't."", ""It doesn't.""]","['400', '412', '422', '1396', '1495', '2342', '2407', '2518', '2855', '3053', '3413', '3885', '3966', '4093', '5847', '6281', '6314', '6661', '6917', '6985', '7649', '7816', '7968', '8929', '8941', '9068', '9079', '9106', '9213', '9258', '9420', '9531', '9640', '9807', '10288', '10356', '10413', '11065', '12266', '12432', '12464', '13067', '13834', '13907', '14411', '14468', '15184', '15214', '9068', '8596']"
14,49,14_worry_about_my_bills,"['worry', 'about', 'my', 'bills', 'home', 'work', 'able', 'job', 'make', 'enough']","['It is exhausting to constantly be worrying about costs. I tried to cut internet from home but it was required for work or classes. I make too much so I do not qualify for any help. I have to keep my home at freezing temps so that my gas bill is not too high, but then wake up with no water to take a shower. It is a horrible feeling to go to work unbathed. ', 'In one of the text boxes I explained this but I want to share it here so it is obvious. I\'m temporary part-time faculty but I\'m working OVER ""full-time"". I work more than a full-time employee (depending on the semester). This semester I\'m 108% employed. Despite this insane amount of work, I make very little, worry about saving for retirement, don\'t have any job security, don\'t have reliable benefits, and feel my only option to make this work is to live with my parents and eat their food.', 'I worry about my next meal or if I will have enough money to pay my rent and additional bills as well as gas.']","['367', '608', '1321', '1574', '2437', '2503', '2836', '3080', '4759', '5823', '5834', '5850', '5877', '5914', '6018', '6061', '6161', '6162', '6363', '7012', '7564', '8559', '8612', '8996', '9581', '10043', '10444', '10735', '10881', '12339', '12372', '12698', '13933', '14467', '15012', '15169', '184', '693', '2604', '2615', '6161', '7446', '8345', '8437', '9133', '12528', '13953', '14149', '14604']"
15,46,15_students_worry_affects_my,"['students', 'worry', 'affects', 'my', 'impacts', 'class', 'personally', 'it', 'greatly', 'directly']","[""It doesn't affect me directly, but it affects my work because I work with students."", ""It doesn't affect me, but I worry about my students."", 'I worry for my students. It does not affect me personally.']","['141', '228', '521', '1357', '2156', '2321', '2506', '3484', '5936', '6100', '6299', '6355', '6374', '6388', '6406', '7259', '7287', '7433', '7540', '7660', '8023', '8064', '8397', '8920', '9076', '9078', '9098', '9333', '9464', '9500', '9507', '10183', '10224', '10731', '12532', '13127', '13278', '14091', '14996', '737', '2397', '5905', '15129', '6126', '6359', '6714']"
16,44,16_housing_rent_find_in,"['housing', 'rent', 'find', 'in', 'afford', 'rentals', 'move', 'here', 'is', 'to']","[""There is a large and well-supported literature empirically linking land use restrictions (zoning, height and density limits, architectural/style limitations, etc.) to more limited housing supply. The University could play a valuable role in disseminating this information. (For reference, please see Harvard's Edward Glaeser or GMU's Alain Bertaud)."", ""Rent for housing in Gallup is high; home prices are also expensive. I don't know if I would qualify for a mortgage out here even though I've previously owned 2 other homes. But if I did, the money we saved between the rent and the mortgage would go to student loans. I couldn't even use that $ to offset the costs of inflation/COLA."", ""I am currently living in senior housing, but now that I'm working full time I will have to find new housing. Rents are so high I have been searching for a house, but can't find anything in my approval range that doesn't require major repairs I can't afford. I'm very worried about finding affordable housing when I have to leave here. Anxiety/depression when condos I thought I might be able to afford fell through because of huge repair costs. I normally do not have anxiety/depression.""]","['2550', '2784', '3323', '3430', '4220', '6340', '7234', '7532', '7887', '8922', '9028', '11790', '2662', '2939', '3212', '5709', '5921', '5983', '6050', '6877', '7223', '7769', '7809', '8191', '8884', '9083', '11790', '12383', '12831', '13120', '13736', '13981', '14691', '15033', '2666', '2697', '3355', '4482', '6866', '7892', '8001', '10081', '10992', '13317']"
17,44,17_free_students_healthy_breakfast,"['free', 'students', 'healthy', 'breakfast', 'provide', 'faculty', 'meals', 'for', 'lunch', 'obtain']","[""Provide more food options and events with free food in multiple locations and also do a better job advertising. I often see events with free food for faculty and sometimes staff throughout the day for different occasions, but rarely for students. If anything, events with free food for students tend to be at nighttime, or that's what it feels like."", 'Provide free meals to students', 'provide free food to students']","['11130', '13885', '334', '788', '813', '980', '1194', '1435', '2570', '2599', '3808', '4334', '4558', '5814', '6195', '6967', '7213', '7540', '7613', '7671', '8990', '9072', '9333', '9467', '9776', '10473', '10749', '11500', '11578', '12386', '13303', '13317', '13833', '13843', '13857', '13885', '400', '2884', '5935', '6287', '6303', '10707', '12462', '13565']"
18,42,18_hasn_moment_has_never,"['hasn', 'moment', 'has', 'never', 'not', 'at', '10', 'yet', 'it', 'aug']","[""It hasn't."", ""it hasn't"", ""It hasn't. ""]","['12', '108', '408', '718', '1099', '1154', '2468', '2697', '3822', '4442', '4705', '5093', '5509', '5908', '6037', '6076', '6955', '7892', '9001', '10230', '10243', '10737', '10975', '11820', '12295', '12298', '12447', '13121', '14004', '14125', '14691', '12', '1929', '2260', '3042', '4708', '10655', '10762', '12298', '13830', '14046', '14544']"
19,42,19_is_it_not_thankfully,"['is', 'it', 'not', 'thankfully', 'ok', 'fortunately', 'am', '', '', '']","['It is not.', 'It is not.', 'It is not.']","['1113', '1377', '1456', '2637', '2736', '3471', '4117', '5891', '5905', '6231', '6334', '6434', '6467', '6475', '6583', '6651', '6698', '6791', '6872', '7083', '7665', '7728', '7797', '7877', '8894', '8907', '8989', '9120', '9191', '9226', '9438', '9634', '10302', '10500', '10708', '10826', '12233', '14330', '14639', '15033', '15125', '15131']"
20,41,20_affect_work_my_doesn,"['affect', 'work', 'my', 'doesn', 'does', 'it', 'let', 'not', 'believe', 'impacting']","['It does not affect my work', 'It does not affect my work.', 'It does not affect my work.  ']","['390', '979', '1158', '2394', '2397', '2530', '2593', '2741', '2760', '2840', '2915', '3135', '3474', '3508', '3838', '3964', '4365', '6381', '6400', '6930', '6933', '7088', '7283', '7881', '7916', '8955', '8964', '8981', '9062', '9067', '9096', '10620', '10622', '10715', '11039', '11076', '13232', '13722', '13987', '13997', '14510']"
21,39,21_is_it_not_,"['is', 'it', 'not', '', '', '', '', '', '', '']","['It is not', 'It is not', 'it is not']","['653', '882', '1013', '1312', '2578', '2654', '2713', '3827', '4002', '5486', '5681', '5843', '5903', '6232', '6240', '6269', '6656', '6696', '6827', '7181', '7638', '8905', '9037', '9114', '9687', '9790', '10023', '11540', '11722', '12688', '13056', '13236', '13332', '13823', '13973', '14915', '15042', '15111', '15138']"
22,37,22_all_at_not_moment,"['all', 'at', 'not', 'moment', 'the', '', '', '', '', '']","['Not at all ', 'Not at all.', 'Not at all.']","['503', '744', '957', '1014', '2395', '2972', '3020', '3148', '3466', '4170', '6034', '6043', '6237', '6326', '6344', '6465', '6505', '6652', '7104', '7609', '8479', '8842', '8883', '8888', '8947', '8956', '9027', '9522', '11092', '11114', '11670', '11822', '12250', '12270', '12427', '13397', '13730']"
23,35,23_increase_raise_pay_salaries,"['increase', 'raise', 'pay', 'salaries', 'salary', 'give', 'wages', 're', 'me', 'raises']","['Increase pay', 'Increase pay ', 'Increase pay']","['2565', '152', '891', '1177', '1422', '5987', '6010', '6012', '6219', '6223', '6376', '6438', '6511', '7477', '7615', '7657', '7931', '8001', '9044', '9088', '9981', '10713', '10854', '11534', '12315', '12396', '13004', '13412', '13933', '14864', '6012', '6732', '8880', '14424', '14467']"
24,35,24_help_assistance_hope_support,"['help', 'assistance', 'hope', 'support', 'need', 'people', 'violence', 'get', 'more', 'those']","['We need help', 'Help more', ""The intersection of housing/food insecurity and intimate partner violence is very strong. People who are leaving abusive relationships may have high, accute, time sensitive needs, and we need interim as well as long term supports for them, and the current supports through the Women's Resource Center are wonderful but extremely understaffed and underfunded. They cannot support all of the need that exists.""]","['2518', '4285', '4710', '5876', '7252', '8671', '9016', '9062', '9186', '9494', '11483', '11559', '12295', '12532', '12887', '12978', '13337', '13792', '13858', '737', '2167', '2266', '2410', '2508', '2518', '2651', '3474', '4442', '5378', '5585', '9305', '10447', '12478', '12821', '14445']"
25,34,25_donâ_itâ_theyâ_doesnâ,"['donâ', 'itâ', 'theyâ', 'doesnâ', 'hasnâ', 'isnâ', 'know', 're', 'iâ', 'permit']","['I donâ€™t know', 'I donâ€™t know ', 'Donâ€™t exploit your foreign employees and assume theyâ€™ll take that because theyâ€™re foreigners. ']","['2167', '3058', '3460', '4280', '5907', '6104', '6296', '6350', '6701', '8002', '8096', '8271', '8371', '9791', '10070', '10520', '11420', '14352', '12', '45', '2713', '3025', '3460', '4339', '5486', '6242', '6505', '6602', '6607', '9451', '9791', '1427', '9451', '9791']"
26,34,26_state_tuition_students_loans,"['state', 'tuition', 'students', 'loans', 'federal', 'funding', 'critical', 'financial', 'provide', 'for']","['I feel these issues need socioeconomic structural changes in society requiring legislation at the state and federal levels to provide people with basic needs and free tuition so that no one has to deal with being insecure in food and shelter, or has to choose between getting an education or buying food for their family. ', 'I Having been a student in the bad old days some of the issues with food was that I did not qualify for any assistance,  My undergraduate was from Texas A&M and they had a great program from former students that supplied loans that did not have interest to pay tuition which could be paid off at the end of semester.  There were enough jobs around that I could work several and pay it off.  Graduated without debt.  Here there are not enough jobs even though the city is much bigger and federal loans is the only way, especially for graduate students, to make ends meet.  The grad students at Texas had health insurance which eased my burden.  Of course, the state had approved such a thing.  ', ""The prevalence of poverty and food insecurity in the state and DoÃ±a Ana County dramatically highlight the need for basic needs support for our students in higher education in the state. Our legislators, elected reps, and state dept. of higher ed. need to be made aware of this. Thank you, UNM for conducting this study to provide the data that will be critical to forcing state leadership's attention to the issue.""]","['45', '97', '150', '252', '380', '404', '882', '942', '2122', '2560', '2697', '2848', '3037', '3262', '6406', '8916', '8930', '8968', '9067', '9702', '10253', '10695', '10708', '11863', '13056', '13404', '13925', '15127', '5997', '6104', '6991', '9121', '10253', '13303']"
27,33,27_employees_pay_staff_wages,"['employees', 'pay', 'staff', 'wages', 'livable', 'erb', 'wage', 'their', 'more', 'got']","['Pay their employees a livable wage.', 'Pay employees better.', 'Pay employees more:)']","['6688', '1105', '1315', '2260', '2550', '2617', '2852', '5478', '5816', '5888', '5953', '6018', '6117', '6126', '6382', '6875', '6922', '6930', '8158', '8892', '10156', '10199', '12155', '12372', '12698', '13094', '13203', '13992', '14989', '1433', '1776', '8967', '10713']"
28,30,28_adjuncts_adjunct_pay_wage,"['adjuncts', 'adjunct', 'pay', 'wage', 'first', 'professors', 'living', 'year', 'salary', 'lost']","['Pay adjuncts a living wage. ', 'Pay adjuncts a living wage.', 'pay adjuncts more']","['6294', '10854', '754', '1174', '1374', '1396', '1776', '2533', '6171', '6287', '6359', '6381', '6416', '6896', '8475', '9182', '9581', '10444', '12980', '13927', '14085', '14406', '14850', '2533', '6171', '6195', '6280', '10220', '10854', '14850']"
29,30,29_focus_unable_concentration_focused,"['focus', 'unable', 'concentration', 'focused', 'hard', 'concentrate', 'distracted', 'cant', 'inability', 'tasks']","['Unable To Focus', 'Hard to focus.', 'hard to focus']","['152', '178', '285', '1422', '1477', '2730', '3200', '3882', '4157', '6006', '6359', '6823', '7448', '7821', '8115', '8671', '8902', '9008', '9558', '10233', '10426', '10742', '12320', '12594', '12666', '12827', '13801', '13913', '14226', '14927']"
30,29,30_prices_rising_costs_grocery,"['prices', 'rising', 'costs', 'grocery', 'expensive', 'food', 'going', 'increasing', 'of', 'affordable']","['Higher pay to compete with rising prices of groceries or having more available at food pantries', 'Rising costs of food are putting a strain on my budget even though I am not food or housing insecure. Rising costs of medical insurance are the same way. Although I have some extra money to spend on leisure, that percentage is going down significantly in recent months. My HH members and I have discussed getting chickens and growing food plants to help defray the costs of food.', 'Because of rising food prices']","['1342', '2416', '2666', '4077', '5918', '6607', '7016', '8043', '12396', '12965', '13321', '13367', '13447', '13756', '744', '1076', '2530', '3200', '3822', '3846', '5826', '6076', '6528', '6688', '7256', '9098', '2409', '3925', '5681']"
31,29,31_not_bod_slightly_,"['not', 'bod', 'slightly', '', '', '', '', '', '', '']","['not', 'Not', 'not']","['455', '945', '1310', '1623', '2523', '2749', '3869', '4278', '4339', '4570', '5238', '6242', '6602', '6714', '6943', '7025', '8155', '8912', '9121', '9228', '10072', '10346', '10990', '11060', '12105', '13289', '13706', '13833', '14947']"
32,28,32_faculty_staff_pay_part,"['faculty', 'staff', 'pay', 'part', 'extra', 'salaries', 'wage', 'living', 'paid', 'time']","['increase salaries for faculty and staff', ""It would have been nice to have been hired full-time. But that is not going to happen now that enrollment is down. Maybe offer a year's worth of classes to part-time faculty? Not give priority to full-time in the summer. But, there is probably not a damn thing the university will do to help out its part-time faculty. It is obvious that admin does not care about its part-time workforce. "", 'Pay higher wages to staff. The fact that faculty get bonuses and incentives and annual raises every single year, whereas staff has only seen an increase in the last couple of years is absurd. Staff often work harder than faculty and without the perks of FOM and annual raises and bonuses. You cannot discuss equity without talking about the glaring issue that faculty earn so much more than staff, and many have simply completed a basic degree. ']","['754', '5600', '8954', '1226', '1513', '1603', '2653', '3484', '3837', '3878', '5815', '5825', '6149', '6162', '6259', '6827', '7287', '7757', '8961', '8966', '9056', '9327', '13105', '5847', '6069', '7066', '9056', '9486']"
33,27,33_que_de_la_los,"['que', 'de', 'la', 'los', 'un', 'comida', 'con', 'por', 'para', 'mi']","['Apilar con comida en buenas condiciones que no estÃ© caducada y sea comida fresca y saludable y apilar con vivienda a los que viven fuera en la calle siempre y cuando quieran superarse', 'aumentar mi salario sin que me lo quite mi aseguransa por que nomas nos suven un poco la aseguranza se queda con el', 'Me gustaria que los bancos y las agencias que ofrecen alimentos no preguntaran por documentos que las personas no tienen para poder ser elegibles para la comida.']","['511', '869', '4212', '9489', '12391', '13106', '14093', '178', '378', '723', '869', '4212', '4362', '9489', '12391', '13106', '13635', '13638', '14093', '14594', '378', '869', '4212', '4362', '9489', '12391', '13638']"
34,27,34_affecting_work_my_currently,"['affecting', 'work', 'my', 'currently', 'is', 'it', 'not', 'thankfully', 'affect9ng', 'normalize']","['It is not affecting my work.', 'It is not affecting my work', 'It is not affecting my work.']","['513', '755', '923', '1105', '1222', '1427', '1545', '2443', '2588', '2877', '3986', '5968', '6056', '6074', '7908', '8567', '8953', '9166', '9570', '10315', '10395', '10685', '14601', '14619', '14719', '4085', '10762']"
35,27,35_affecting_affected_not_unaffected,"['affecting', 'affected', 'not', 'unaffected', 'affect', 'jt', 'does', 'effecting', 'it', 'mostly']","['Not affecting it', 'not affecting it', 'Not affecting it.']","['397', '585', '737', '1295', '2704', '2781', '2887', '3308', '5863', '5899', '6250', '6438', '6447', '7065', '7445', '7560', '7586', '8943', '9073', '9268', '10030', '11172', '11483', '12289', '14864', '14952', '15038']"
36,27,36_higher_wages_pay_competitive,"['higher', 'wages', 'pay', 'competitive', 'skills', 'increase', 'better', 'salary', 'raises', 'appropriately']","['higher wages', 'Higher wages', 'Pay higher wages.']","['10734', '176', '298', '379', '2403', '2571', '2620', '2871', '2965', '3349', '5891', '6056', '6280', '6340', '6703', '7138', '7985', '8028', '9558', '9645', '10196', '11032', '12301', '12345', '13863', '13932', '15072']"
37,26,37_cnm_montoya_pantry_assistance,"['cnm', 'montoya', 'pantry', 'assistance', 'food', 'nice', 'great', 'offers', 'the', 'promote']","['Provide how meals at Montoya campus (CNM)', 'CNM does food banks, which is really nice.  Anyone with an ID can get food, students and faculty.  Great job CNM.', 'Not many food options on the CNM campus.']","['517', '2630', '2816', '2877', '2971', '3042', '3454', '3468', '3726', '4068', '5388', '5599', '7008', '9717', '10224', '10485', '11092', '13886', '14637', '2840', '3726', '3878', '3882', '4558', '4648', '10485']"
38,26,38_nothing_else_luna_input,"['nothing', 'else', 'luna', 'input', 'share', 'everything', 'time', 'at', 'me', 'going']","['NOTHING ', 'nothing', 'Nothing']","['5265', '837', '923', '1312', '1545', '3046', '3135', '3872', '5559', '6237', '6413', '7025', '7638', '8880', '10070', '12464', '13844', '313', '2758', '5249', '6896', '10346', '11060', '11061', '11483', '12978']"
39,25,39_meals_options_meal_diabetic,"['meals', 'options', 'meal', 'diabetic', 'provide', 'inexpensive', 'cheaper', 'mostly', 'healthy', 'nutrition']","[""We have decent options but I don't want to incur the expense although our meal costs are appropriate for the rising costs we are currently experiencing nationally"", ""I can only afford to cook at home, mostly we have ground beef or chicken, potatoes, rice, or pasta, and bread. That is not good when I'm diabetic. "", 'Provide affordable meal options. ']","['3356', '6927', '9128', '571', '965', '1141', '1456', '1568', '2946', '3531', '3984', '4117', '4170', '4553', '5204', '6681', '8009', '8905', '9005', '9305', '11820', '13796', '13902', '15211', '11531']"
40,25,40_inflation_rising_increase_match,"['inflation', 'rising', 'increase', 'match', 'salary', 'give', 'pay', 'with', 'salaries', 'rise']","['Need better pay with this rising inflation. ', 'Need better pay with this rising inflation.', 'Inflation']","['888', '2656', '2930', '4064', '6599', '9466', '12528', '1188', '2615', '2656', '6121', '6437', '7006', '8345', '9262', '9481', '13291', '13912', '13997', '14567', '2656', '2852', '6326', '7840', '10135']"
41,25,41_applicable_not_engaged_lucky,"['applicable', 'not', 'engaged', 'lucky', 'either', 'am', 'me', 'to', '', '']","['Not applicable ', 'not applicable', 'Not applicable']","['768', '965', '1214', '3107', '3165', '3506', '5599', '6035', '6080', '6241', '6427', '6482', '6813', '7446', '7491', '10706', '10863', '11559', '14644', '3107', '3506', '6231', '9228', '13321', '6813']"
42,24,42_nn_me_affecting_work,"['nn', 'me', 'affecting', 'work', 'my', 'not', 'for', 'to', '', '']","['n/a to me', 'n/a for me', 'nN/A']","['334', '812', '1029', '1093', '2998', '5595', '5950', '5986', '6032', '6140', '6252', '6623', '8254', '9534', '10371', '10740', '2559', '5681', '6623', '9534', '1093', '6197', '6623', '8254']"
43,24,43_anxious_anxiety_causes_makes,"['anxious', 'anxiety', 'causes', 'makes', 'mind', 'feeling', 'me', 'severe', 'tension', 'emotional']","['anxious', 'It makes me feel anxious', 'makes me anxious']","['2852', '3875', '4222', '5017', '5079', '5460', '5719', '6075', '6998', '7831', '8344', '8570', '8655', '8997', '9112', '10655', '10690', '13804', '14231', '14486', '14607', '15024', '4759', '7866']"
44,24,44_more_food_variety_distribution,"['more', 'food', 'variety', 'distribution', 'options', 'available', 'provide', 'choices', 'accumulation', 'commodities']","['Have more food options available', 'Have more food options available.', 'more food']","['14925', '403', '2516', '2665', '3986', '5042', '5638', '6107', '6261', '6659', '7494', '8066', '9181', '10074', '10187', '10408', '11057', '12374', '12712', '13281', '13974', '14445', '15010', '15126']"
45,24,45_it_not__,"['it', 'not', '', '', '', '', '', '', '', '']","[""It's not"", ""it's not"", ""it's not""]","['1030', '1307', '1334', '2667', '2976', '2977', '3203', '3289', '3893', '3993', '4045', '4553', '6803', '6850', '8164', '8787', '9218', '10749', '13766', '13855', '13863', '14034', '14713', '15213']"
46,23,46_bad_thank_half_you,"['bad', 'thank', 'half', 'you', 'good', 'fine', 'mildly', 'severely', 'poorly', 'okay']","['Not bad', 'not half bad', 'not half bad']","['3896', '4648', '5488', '8880', '11538', '11903', '12386', '12728', '12746', '12978', '13316', '13902', '2523', '5509', '7285', '12728', '1292', '6019', '6074', '7769', '7927', '12746', '13337']"
47,22,47_say_prefer_comment_suggestions,"['say', 'prefer', 'comment', 'suggestions', 'answer', 'thought', 'don', 'else', 'anything', 'let']","[""I don't have anything else to say."", 'Prefer not to say', 'Prefer not to say']","['693', '1386', '2412', '2572', '3823', '10687', '828', '2394', '2412', '3966', '4933', '5249', '6975', '7293', '10395', '10705', '10826', '2397', '6598', '7327', '7482', '11479']"
48,22,48_resources_available_advertise_more,"['resources', 'available', 'advertise', 'more', 'promote', 'say', 'providing', 'kiosks', 'judgmental', 'fits']","['provide more resources for the community ', 'Community resources', 'More resources ']","['10271', '163', '406', '1214', '3832', '3896', '6728', '8416', '8894', '8902', '8964', '9270', '10323', '12250', '12368', '14101', '14226', '15221', '4205', '8479', '8913', '15050']"
49,22,49_living_cost_salaries_wages,"['living', 'cost', 'salaries', 'wages', 'raise', 'increase', 'increases', 'remarkably', 'of', 'match']","['ask for budget increase or seek additional funding to be able to increase salaries, that match the high cost of living in this area. ', 'Increase salaries to match the cost of living in the area', 'Raise(s) in pay, including cost of living.']","['5378', '608', '1097', '1231', '1477', '2565', '2572', '3916', '6022', '6075', '6138', '6316', '6951', '8243', '9896', '10242', '12381', '12594', '14231', '608', '2738', '6136']"
50,22,50_sure_not_unsure_im,"['sure', 'not', 'unsure', 'im', 'to', '', '', '', '', '']","['Not Sure.', 'Not sure.', 'not sure']","['2879', '109', '422', '937', '2438', '2578', '3838', '3925', '4056', '4541', '5572', '6400', '7181', '8655', '9165', '9513', '10975', '12107', '13149', '13835', '14004', '14136']"
51,21,51_time_this_at_not,"['time', 'this', 'at', 'not', 'times', 'way', 'no', 'in', '', '']","['Not at this time.', 'Not at this time.', 'Not at this time.']","['2994', '6002', '108', '115', '755', '1222', '2461', '3136', '3450', '3922', '4365', '5913', '9098', '9166', '9172', '9524', '10187', '12250', '13300', '13844', '14468']"
52,21,52_thank_you_no_thanks,"['thank', 'you', 'no', 'thanks', 'doing', 'ery', 'nope', 'this', 'already', 'some']","['No thank you', 'no thank you.', 'No thank you ']","['10346', '13994', '412', '945', '980', '3163', '3468', '3491', '3970', '5816', '6276', '6927', '9042', '9534', '10685', '11019', '12270', '13391', '14432', '14637', '15195']"
53,20,53_vouchers_farmers_pantries_market,"['vouchers', 'farmers', 'pantries', 'market', 'stores', 'items', 'grocery', 'donate', 'boxes', 'food']","['Grocery vouchers for those in need.  Food pantries may not provide some household items or food preferences.  ', 'Farmers Market vouchers ', 'Food pantries or vouchers']","['14136', '285', '363', '1293', '3310', '3500', '4093', '4116', '7310', '8254', '9085', '9112', '10392', '10731', '11060', '12296', '12468', '13232', '13332', '10216']"
54,20,54_isn_it_not_its,"['isn', 'it', 'not', 'its', '', '', '', '', '', '']","[""It's not."", ""It's not."", ""It's not.""]","['1231', '2408', '2592', '3046', '3270', '3411', '3573', '5894', '7403', '7729', '8345', '8951', '8962', '9077', '9200', '10187', '10697', '11166', '13839', '14885']"
55,20,55_free_events_planet_meals,"['free', 'events', 'planet', 'meals', 'cheap', 'waste', 'don', 'why', 'drive', 'that']","['Provide more free food', 'Free food', ""Zoom events don't work. HR offers all of these stupid online programs that are a waste of energy. Don't reward people with shit that isn't good for the planet. Stop buying cheap swag that transforms into trash upon receipt. Don't shop on Amazon.  Don't take athletes out for fast food on the road. Look at the problem with a wide angle lens instead of putting a band-aid on systematic issues. Giving people cheap food is less effective than exploring why they need it. Our planet is overpopulated by idiots. Stop having babies. The #1 ingredient in baby formula is corn syrup. This is the real problem; you'll never have a chance to get it right with a start like that. ""]","['693', '1059', '2884', '3913', '4722', '5585', '5904', '6051', '6158', '6550', '6656', '7831', '10146', '12818', '12821', '12898', '13298', '13447', '5905', '7702']"
56,19,56_unm_initiatives_programs_principles,"['unm', 'initiatives', 'programs', 'principles', 'actions', 'new', 'hardship', 'does', 'break', 'talk']","[""I fear getting sick or any medical issues because even with astronomically, stupidly high and borderline criminal price-gauging cost of health insurance we could be easily set back months. Perhaps UNM employees could get a much steeper discount for using UNM doctors? I'd be happy to get my health care from residents and doctors in training for cheaper health care. "", 'Contribute to existing efforts! The Dean of Students Office and LoboRESPECT Advocacy Center are already doing so much to help with food and housing insecurity! UNM has a tendency to recreate the wheel whenever someone new has an idea or slightly different way of approaching a problem. We need to work together to strengthen and build our existing programs. We need people working together towards the same goal, not people working on parallel but different goals. ', 'I have had the pleasure and enjoyed my work here at UNM especially with the students and staff. Unfortunately, I have had to make the hard decision to leave UNM to pursue other employment opportunities based on higher wages, less retirement deductions and no parking fees. UNM entity is a great establishment I am just so sad I have to leave based on my current needs financially. I am praying I can come back once all this financial hardship passes. I love the campus!  ']","['577', '3696', '8340', '9037', '9106', '9340', '10049', '10258', '12207', '13526', '15028', '15050', '577', '7660', '8909', '8981', '9105', '10057', '13910']"
57,18,57_all_at_not_,"['all', 'at', 'not', '', '', '', '', '', '', '']","['not at all', 'not at all', 'not at all']","['996', '1102', '2591', '2909', '2947', '2971', '5835', '5876', '8946', '8990', '9080', '9142', '9181', '9290', '9310', '9467', '13034', '14197']"
58,18,58_doing_they_job_already,"['doing', 'they', 'job', 'already', 'are', 'plenty', 'think', 'lot', 'great', 'do']","['They are doing a great job. ', 'I think they are doing a great job', 'I think they are doing a great job. ']","['257', '390', '503', '1310', '3886', '5903', '6803', '7403', '7996', '8937', '9001', '10023', '12369', '12432', '12528', '12688', '13413', '13460']"
59,18,59_stress_stressed_causes_cope,"['stress', 'stressed', 'causes', 'cope', 'edge', 'mental', 'adds', 'stressing', 'distraction', 'keeps']","['stress', 'Stress', 'Stress']","['134', '1320', '2617', '2678', '3042', '3709', '3734', '5478', '6091', '6223', '6653', '8040', '8130', '9042', '9105', '11040', '14445', '14850']"
60,17,60_welfare_housing_lower_low,"['welfare', 'housing', 'lower', 'low', 'subsidies', 'medical', 'subsidize', 'government', 'provide', 'done']","['We will increase public welfare restaurants and welfare housing', 'Present lower costs for housing and food or give lower costing items in addition to current options.', ""I would like for inflation to go down like it use to be, a few years ago. I would like to be able to have k-9 medical insurance or government programs to cover annual shots or spay/neuter from board-certified Vets only, for all households, not just low income. I think the government should look closer into low-income people because some have nicer things than I do. A lot of people who are low income have their nails done, hair done, the newest iPhone, name-brand clothes, and nice cars. They go out to eat A LOT. I might be able to live that way too if I didn't have to pay for food, housing, and medical expenses. They play the goverment. ""]","['400', '3203', '3811', '4222', '6232', '6244', '6305', '6813', '8576', '8889', '9927', '13394', '14927', '15169', '1634', '7976', '12705']"
61,17,61_options_campus_on_offer,"['options', 'campus', 'on', 'offer', 'affordable', 'healthy', 'cheaper', 'along', 'healthier', 'housing']","['More affordable housing options. More healthy and affordable options for food near campus.', 'Offer more free or low-cost healthy food options on campus.  Offer lower cost student housing options.', 'Offer housing options to both employees and students, along with better benifits that support our living situations and need for healthier food options. Would also like to see local food vendors/resources provided on campus so that those with full time jobs can stop by']","['2881', '5914', '6286', '6583', '6598', '6682', '6927', '7083', '7877', '7890', '8031', '8148', '8932', '10271', '12140', '13127', '14424']"
62,17,62_cafeteria_open_canteen_dormitory,"['cafeteria', 'open', 'canteen', 'dormitory', 'run', 'deli', 'opened', 'facilities', 'company', 'provides']","['Have a cafeteria.', 'have a cafeteria ', 'open a cafeteria']","['996', '2392', '2457', '2557', '4044', '4091', '4399', '4570', '6013', '9793', '10254', '10655', '11172', '12298', '12343', '13226', '14639']"
63,17,63_insecurity_many_obese_overweight,"['insecurity', 'many', 'obese', 'overweight', 'morbidly', 'plates', 'students', 'one', 'housing', 'who']","['Many more students here at Mesalands College are affected by food insecurity than is obvious from statistical data.  Many students do not wish their peers to know of their housing and food insecurity. ', 'In glancing around the cafeteria and the town--one sees many many many morbidly obese and moderately overweight individuals- rarely does one see thin people in this community---', 'This food insecurity issue has been blown WAY out of proportion- In fact---I often see morbidly obese and just overweight and fat students all around campus- and I am not alone- when I lunch with co-workers we see obesity and students eating plates and plates of pizza- instead of a nutritious well balanced meal']","['5941', '6364', '6877', '7573', '8960', '12080', '14988', '2947', '3148', '11629', '4399', '5388', '6872', '8066', '10421', '14202', '14915']"
64,17,64_lunch_bring_supposed_hour,"['lunch', 'bring', 'supposed', 'hour', 'eat', 'work', 'back', 'home', 'lunches', 'breakfast']","[""For me, it's not, really. But for those who get 1/2 hour for lunch, it probably is affecting their health and work because they'd need to bring food to work or eat snacks from the machines."", ""Lunch time is touch because I often push back my lunch hour to complete tasks at work and by the time I leave for lunch I feel rushed to come back due to it being outside of my allotted time so I usually don't eat until I get home after work."", 'I do not eat out for lunch.  I am the only person in my office who goes home to eat lunch.  It is cheaper.  I do not engage in that ""social"" aspect of lunch hour. Currently, I live in my parent\'s rental mobile home for free. This is supposed to be temporary.  I have a car payment and pay utilities.  I cannot afford the monthly car insurance that I am supposed to pay my parents. ']","['363', '410', '425', '1141', '1565', '2703', '3349', '7408', '8031', '8967', '10251', '12411', '13281', '13394', '14085', '14770', '10279']"
65,17,65_isn_it_matter_didn,"['isn', 'it', 'matter', 'didn', '', '', '', '', '', '']","[""it isn't"", ""It isn't"", ""It isn't""]","['989', '2822', '3327', '3532', '5559', '6342', '6743', '7770', '8022', '8913', '8937', '9657', '9703', '11578', '11879', '13418', '13975']"
66,16,66_know_don_dont_phase,"['know', 'don', 'dont', 'phase', 'knew', 'seem', 'anyone', 'wish', 'things', 'around']","[""I don't know."", ""I don't know"", ""I don't know""]","['1222', '2226', '3270', '3936', '5643', '6241', '6281', '8155', '8953', '10012', '12105', '12705', '13763', '13839', '13988', '14715']"
67,15,67_effect_affect_impact_no,"['effect', 'affect', 'impact', 'no', 'comparative', 'little', 'great', 'much', 'have', 'not']","['No effect.', 'No effect.', 'no effect']","['895', '2122', '2532', '2548', '4205', '5503', '6090', '6116', '6631', '9167', '12354', '12583', '12661', '12680', '14715']"
68,14,68_transportation_bus_route_city,"['transportation', 'bus', 'route', 'city', 'paso', 'rides', 'busses', 'system', 'unm', 'routes']","[""I rely on ABQ city busses to get to/from work on UNM main campus. Reliability of the bus line I take (790) has become increasingly unreliable, especially for the morning route. The bus is often late to pick us up, or won't show up at all. "", ""I appreciate that this survey exists. I think the public transportation piece is really important. We were excited about the Blue Bus, but haven't heard any updates. Is that still happening? It would be great if we could have a UNM-Taos shuttle that goes into town. It would be great advertising for UNM-Taos and could maybe even increase enrollment. "", 'The city of Albuquerque has decreased bus services; they discontinued a route that would place me within walking distance of my home. I now must ride later bus and walk in the dark home at lease 1-2 times a week. The commuter routes feel safer than the Lomas route (example) I have had two scary rides with people who had outbursts and were threatening to the bus driver and other passengers. the city bus is much more focused on down-town workers with regular work hours and not UNM workers who have later and earlier working hours that are not consistent. I  have only one car and share with my spouse so that I can afford for my disabled son to have transportation; I pay for the least expensive UNM parking, but park in the lot only about once a week. It is expensive parking for just once a week.']","['13000', '1237', '7998', '9142', '11008', '11547', '13000', '15038', '543', '707', '1109', '3410', '9038', '10182']"
69,14,69_isn_moment_currently_it,"['isn', 'moment', 'currently', 'it', 'at', 'noticed', 'now', 'beginning', 'period', 'gone']","[""It isn't, currently."", ""At the moment, it isn't."", ""It isn't at the moment. ""]","['2665', '2848', '3163', '3854', '6313', '6682', '7906', '8884', '9133', '9280', '13300', '14604', '4710', '7940']"
70,13,70_me_affecting_does_affect,"['me', 'affecting', 'does', 'affect', 'not', 'affected', 'negatively', 'blessed', 'impacted', 'am']","['It is not affecting me. ', 'It does not affect me. ', 'It is not affecting me.']","['819', '4068', '4256', '5935', '6022', '6802', '8940', '9376', '9702', '11078', '11604', '12211', '14080']"
71,13,71_sure_knowledgeable_answer_question,"['sure', 'knowledgeable', 'answer', 'question', 'not', 'am', 'unsure', 'knowledge', 'ask', 'idea']","[""I'm not sure."", ""I'm not sure."", ""I'm not sure""]","['3823', '4010', '5834', '6153', '6950', '7065', '7729', '9676', '9816', '10183', '11040', '12900', '14330']"
72,12,72_cafeteria_discount_steady_selection,"['cafeteria', 'discount', 'steady', 'selection', 'serve', 'they', 'price', 'carte', 'unmh', 'nationality']","['I wish we had a cafeteria and offered food assistance/discount on cost.', 'The food on the cafeteria is expensive and the discount is 10% discount is hardly a discount.', ""The cafeteria could start offering a la carte dishes, and serve people as individuals, and not forcing people to take a whole meal when all they want is a simple serving.  I'm not saying that they should offer less and cut everything down.  They just need to allow people to choose what they want to eat.  Maybe serve by the items of choice per person.""]","['718', '2650', '6300', '6998', '7445', '8034', '9008', '11065', '11166', '12320', '13316', '13867']"
73,12,73_pay_more_me_us,"['pay', 'more', 'me', 'us', 'give', 'charge', 'money', 'funds', 'less', 'could']","['Pay more', 'Pay more', 'pay more ']","['1441', '2574', '5827', '6256', '6943', '7954', '8945', '10687', '12457', '14573', '15222', '8945']"
74,12,74_santa_fe_ineligible_spend,"['santa', 'fe', 'ineligible', 'spend', '1400', 'pools', 'train', 'in', 'nm', 'costing']","['(1) Pay faculty a living wage for Santa Fe.  (2) Allow faculty who teach online courses to be remote; there is absolutely NO NEED to spend resources to come to campus for online students.  I doubt administration would spend resources so unwisely.', ""I am only staff (full-time), but it was very demoralizing to find that my level of pay, after many years of working here, makes me ineligible for the vast majority of the rental units in Santa Fe.  Ineligible/unaffordable depending on the landlord's or the renter's perspective.  Ineligible based on the percentage of rent to gross income."", 'Housing costs are too high for wages in NM.  Renting or owning...a one bedroom apartment in an average neighborhood costing $1400 or a mortgage costing 1400.  My take home pay does not allow for me to spend that much.  I rent from a friend of the family and they discounted the rent so I could stay there long term.  I do not have a vehicle payment.  I do not travel nor spend much on entertainment.  NM has never been good to me about wages versus cost of living.  I have always struggled in this state.  I am a graduate of NMSU and I have a masters degree.  I hope this helps.  I would like to ask the State of NM to think about adding the Roadrunner train to Socorro or a charter bus.  We currently use van pools and car pools.  I would like to ride the train.']","['3508', '6019', '6020', '6071', '6686', '1167', '1362', '2568', '5987', '7255', '7958', '15214']"
75,11,75_early_leave_hours_pantry,"['early', 'leave', 'hours', 'pantry', 'open', 'often', 'line', 'longer', 'items', 'afternoon']","['Have the food pantry open on several days and more open hours', 'I do not have a place to store food at work such as a refrigerator. Because of this I often leave work early to go home and eat.', ""The food pantry often runs out of food if you're not in line early, hence having to leave work to line up early. I often only get a few items, which really doesn't make it worth it. ""]","['8180', '10102', '5595', '6671', '7086', '10102', '11676', '12211', '13823', '13888', '3463']"
76,11,76_rent_was_property_lease,"['rent', 'was', 'property', 'lease', 'goes', 'again', 'will', 'when', 'my', 'worry']","[""It isn't affecting my work at this time.  My rent contract is due for renewal soon and I worry about the rent hike I know is coming.  My apartment complex has been sold twice in the last 5 years."", ""Right now I'm at stable spot but I worry about new rental leasing with rent increases/landlords or property management not fulfilling their legal roles. My partner and I want to mortgage a house but it seems impossible. When we eventually face these issues I'm sure it will negatively affect my work."", 'I was living with family for financial reasons, but was forced to move out when it became dangerous. During that time, it was very difficult to focus at work because  I was always worried about what was going to be waiting for me at ""home."" At this point, I\'m in a better living situation, but a worse financial one. The rental property I was able to find is very expensive for how much I\'m making, and I\'m currently the only employed person in the household.']","['2615', '2966', '5931', '6195', '7184', '7645', '7809', '9075', '9336', '12831', '14510']"
77,11,77_work_done_gotta_messages,"['work', 'done', 'gotta', 'messages', 'media', 'stops', 'word', 'text', 'brain', 'get']","['Work stops my brain from most of these things. But not always.', ""Tired of working but it's gotta get done"", 'Do more programs and keep getting the word out in emails, social media, text messages. ']","['1433', '1501', '1513', '4878', '6305', '7753', '13039', '13953', '15211', '11071', '9864']"
78,11,78_nope_nah__,"['nope', 'nah', '', '', '', '', '', '', '', '']","['nope', 'Nope.', 'Nope. ']","['718', '1154', '6237', '8936', '9310', '9438', '9467', '13761', '13885', '14101', '15038']"
