Topic,Count,Name,Representation,Representative_Docs_x,Representative_Docs_y
-1,986,-1_to_and_the_in,"['to', 'and', 'the', 'in', 'food', 'of', 'for', 'students', 'that', 'have']","['i know that i do not have a lot of extra money to spend on food so i try to buy just what i need and have foods that go a long way and do not cost as much this does not effect my work very much but i do have an extra job in addition to my full time job which i use for groceries throughout the week to lessen my stress over affording food i have less free time and sometimes go to bed much later than i would want because i get stuck at my other job', 'northern needs to pay their staff more we do so much in our office who is short staffed and we are not getting enough pay my office as well as others in student services have been stressed and tired and some just dont think its is worth it to stay here that is why we lose so many good collogues we also should be able to receive a certain amount of mental health days to use to recuperate and destress if we were paid more we wouldnt have to worry about not paying our rentmortgage or bills on time which would cut down on stress therefore increasing better productivity in all offices ', 'healthier options would be amazing having it also be affordable because healthier food options always seem to be much more expensive if unm worked with the state to see if more of their students could easily qualify for food stamps because school takes time away from work and classes are often during peak work days and hours or even make the snap benefits at the state level easier for all college students i tried for a couple of years to get food stamps and never qualified yet affording food for myself was so stressful being single makes it much harder to qualify than it would be for a single parent or family yet that population sometimes needs help too in our country a college education is such a privilege because there are so many obstacles ']","['prices go up anxiety goes up', 'low income', 'it affects my ability to do my job well and the mood i carry with me to work while under duress from this situation impacts the work environment', 'lunch time is touch because i often push back my lunch hour to complete tasks at work and by the time i leave for lunch i feel rushed to come back due to it being outside of my allotted time so i usually dont eat until i get home after work', 'housing stresses me on a daily basis when i think about our cost of rent vs living in a house wanting to live in a home also causes me stress which i think about while at work which then causes me to not be as productive ']"
0,426,0_no_yes_sã_lo,"['no', 'yes', 'sã', 'lo', '', '', '', '', '', '']","['  no', 'no', 'no']","['no', 'no', 'yes', 'no', 'no']"
1,112,1_campus_on_options_healthy,"['campus', 'on', 'options', 'healthy', 'food', 'affordable', 'snacks', 'machines', 'snack', 'could']","['have food options on campus', 'more food on campus and options', 'more affordable healthy food options on campus']","['not having healthy food on campus is inconvenient and there are not healthy fast food options near the campus i often do not have time between classes to eat so i go long stretches without anything or with snack from the vending machines students who are stuck on campus have no other option either ', 'i am buying food and drinks for students since our campus does not have a cafeteria ', 'currently i am secure with food and housing  though i worry about the rent possibly being increased and i dislike that in order to have healthy food on campus i need to prepare and cook it myself ahead of time as the options on campus seem very limited', 'i have none but it would be nice to have food on campus', 'if i forget to bring a lunch or if i dont get to the coffee shop on campus before it closes theres no options on campus for food besides vending machinessnacks ']"
2,101,2_insecurity_housing_food_or,"['insecurity', 'housing', 'food', 'or', 'insecure', 'my', 'security', 'am', 'affect', 'work']","['i have no food or housing insecurity', 'i have no food or housing insecurity', 'i have no food or housing insecurity']","['since i am employed i do not have housing and food insecurity', 'i have no food or housing insecurity', 'my housing insecurity is related to too much crime not lack of being able to afford housing', 'i am not experiencing food or housing insecurity', 'housing security effects my work because i can barley afford to live in the city of my place of work ']"
3,99,3_pay_increase_wages_employees,"['pay', 'increase', 'wages', 'employees', 'higher', 'raise', 'salary', 'salaries', 'staff', 'wage']","['increase pay', 'increase pay ', 'increase pay']","['wages not in line with industry standards', 'my staff sometimes struggles with finances', 'productivity will decrease', 'raise pay', 'higher wages']"
4,88,4_hungry_eat_tired_concentrate,"['hungry', 'eat', 'tired', 'concentrate', 'focus', 'sometimes', 'skip', 'stomach', 'work', 'when']","['hungry at work', 'hungry tired', 'too hungry and tired to focus sometimes']","['worrying about healthy food can cause me to be distracted at work', 'im always hungry but i still do my job', 'itâ€™s hard to concentrate when you are hungry and have a head ache from not eating ', 'right now am doing great food thank god', 'i work better when i have a balanced meal before work some days i do have one and others i do not']"
5,80,5_is_it_not_thankfully,"['is', 'it', 'not', 'thankfully', 'fortunately', '', '', '', '', '']","['it is not', 'it is not ', 'it is not']","['it is not', 'it is not', 'it is not', 'not fortunately', 'it is not']"
6,75,6_housing_student_campus_faculty,"['housing', 'student', 'campus', 'faculty', 'dorm', 'build', 'for', 'students', 'and', 'affordable']","['on campus housing', 'on campus housing', 'more campus housing']","['lack of housing is a strain on faculty  students because they then have to worry about their home life being chaotic or uncomfortable ', 'not at the moment but very soon as we will be graduating and no longer able to stay in campus housing', 'the pressure of housing makes me unable to concentrate on class', 'i am unable to find residence closer to campus and have to drive long distances to and from work', 'my unstable housing situation causes me to worry about my basic needs  distracts me from teaching  research lack of space where i live  distance from campus make work more difficult']"
7,74,7_na_virtually_nna_ninguna,"['na', 'virtually', 'nna', 'ninguna', 'ni', 'nada', 'jonen', 'afectan', 'me', 'work']","['na', 'na', 'na']","['na', 'na', 'na', 'na', 'na']"
8,57,8_none_12_121_10oct,"['none', '12', '121', '10oct', '10aug', 'moment', 'cant', 'any', 'at', 'think']","['none', 'none', 'none ']","['none ', 'none', 'none', 'none', 'none']"
9,54,9_pantry_food_accessible_expand,"['pantry', 'food', 'accessible', 'expand', 'use', 'idea', 'more', 'good', 'easily', 'provide']","['more food at the food pantry ', 'a food pantry ', 'food pantry']","['the food pantry and cosmo cares is good assistance  ', 'dacc is opening a food pantry today wednesday february 15 2023', 'expand on its new food pantry', 'opened a food pantry', 'keep open pantry']"
10,54,10_affecting_me_not_affect,"['affecting', 'me', 'not', 'affect', 'affected', 'does', 'it', 'unaffected', 'effecting', 'matter']","['it is not affecting me', 'it is not affecting me ', 'it is not affecting me']","['not affecting it', 'not affected ', 'it does not affect it', 'its not affecting me', 'not affecting at all']"
11,54,11_all_at_not_,"['all', 'at', 'not', '', '', '', '', '', '', '']","['not at all', 'not at all', 'not at all']","['not at all', 'not at all', 'not at all', 'not at all', 'not at all ']"
12,51,12_affect_work_my_doesnt,"['affect', 'work', 'my', 'doesnt', 'it', 'affecting', 'does', 'let', 'not', 'affects']","['it does not affect my work', 'it does not affect my work', 'it does not affect my work  ']","['its not impacting my work', 'does not affect my work', 'i am very secure so it does not impact my work  ', 'it doesnt really affect my work because i dont think about it', 'i have a job i need i dont let it affect my position']"
13,51,13_survey_thank_this_you,"['survey', 'thank', 'this', 'you', 'hope', 'conducting', 'answers', 'your', 'for', 'results']","['thank you for the survey ', 'no thank you for this survey', 'thank you for this survey ']","['put up flyers and send emails like the one that had this survey', 'this survey is useless and pointless because those asking for this information are not going to do anything such as pay a livable wage offer affordable insurance to their employees why are we wasting our time for a 40 gift certificate that wont even cover 40 worth food 40 on a bill payment or is just going to help with a one time payment of gas waste of time this survey was', 'im glad this survey is being done and i look forward to seeing the results', 'i wish you the best of luck with this survey and helping our communities  thanks ', 'im saddened that this survey seemed necessary we can and should take better care of each other peace']"
14,50,14_housing_rent_afford_rentals,"['housing', 'rent', 'afford', 'rentals', 'here', 'market', 'in', 'live', 'senior', 'want']","['rent for housing in gallup is high home prices are also expensive i dont know if i would qualify for a mortgage out here even though ive previously owned 2 other homes but if i did the money we saved between the rent and the mortgage would go to student loans i couldnt even use that  to offset the costs of inflationcola', 'i am currently living in senior housing but now that im working full time i will have to find new housing rents are so high i have been searching for a house but cant find anything in my approval range that doesnt require major repairs i cant afford im very worried about finding affordable housing when i have to leave here anxietydepression when condos i thought i might be able to afford fell through because of huge repair costs i normally do not have anxietydepression', 'i feel very fortunate to have a relative who can help me out financially if not for her we would have to move out of the area andor look for other jobs currently live a half hour drive from sfcc the only reason we didnt have to leave the area entirely was by sheer luck our studio apartment rent in town doubled during covid a rental opportunity was miraculously presented to us please we need to regulate the air b and bs and other short term rentals housing incentives for state employees could be a good way to remain competetive as housing costs continue to increase and availability continues to decrease thanks']","['i am always concerned about moving to another state because of my lack of social contact with people', 'because we cannot afford one apartment large enough for the two of us my partner and i each rent separate units on the same property this requires a lot of additional time planning and spending to maintain and has contributed to feelings of burnout', 'rent is too expensive and was forced to move back with parents will probably end up leaving abq to find a good home at a decent price the housing market is terrible and cant afford a 200000 house on my salary', 'its too exspensive and hard to find places that i can afford', 'rent for housing in gallup is high home prices are also expensive i dont know if i would qualify for a mortgage out here even though ive previously owned 2 other homes but if i did the money we saved between the rent and the mortgage would go to student loans i couldnt even use that  to offset the costs of inflationcola']"
15,48,15_students_impacts_worry_affects,"['students', 'impacts', 'worry', 'affects', 'my', 'class', 'personally', 'it', 'ability', 'greatly']","['it doesnt affect me but i worry about my students', 'it impacts my work as it impacts my students my students experiencing food or housing insecurity need more supports from me as their instructor  supervisor ', 'i worry for my students it does not affect me personally']","['itâ€™s not really affecting me personally but i do occasionally see students who are affected by it and they often end up struggling in their classes', 'it does not directly affect me it affects the students and adjuncts i work with which i find disturbing ', 'how can you even think about reviews or comparing your assignments or grading when you have to do it safe for your kids and you to live it knowing it was temparary didnt make it any easier ', 'i know students who deal with this and whom i do not know how to help', 'not me directly but impacts on my students makes job harder more stressful ']"
16,48,16_pantry_campus_food_the,"['pantry', 'campus', 'food', 'the', 'main', 'available', 'our', 'or', 'on', 'put']","['our campus could provide food whether its free or low cost our campus does have a food pantry but it is only available twice per month and requires an nmsu id number some students have said they are more comfortable with a pantry that does not require an id or seeing anyone at all while they grab what they need from the pantry ', 'have a food pantry on campus', 'have a campus food pantry']","['more advertisement on the campus food pantry and the options available at the apartments ', 'my college is currently opening a food pantry at our other location and a small pantry at this location i believe it is going to help many students and hopefully staff as well', 'lessen restrictions on campus food pantry use', 'i think that with several new grant nmhu has done a great job of keeping the food pantry and making food option available especially for students', 'our campus could provide food whether its free or low cost our campus does have a food pantry but it is only available twice per month and requires an nmsu id number some students have said they are more comfortable with a pantry that does not require an id or seeing anyone at all while they grab what they need from the pantry ']"
17,45,17_its_not__,"['its', 'not', '', '', '', '', '', '', '', '']","['its not', 'its not', 'its not']","['its not', 'its not', 'its not', 'its not', 'its not']"
18,43,18_about_worrying_bills_focus,"['about', 'worrying', 'bills', 'focus', 'hard', 'sometimes', 'how', 'my', 'stress', 'work']","['i am not able to put forth my best self and my best work when i am hungry and stressing about how to pay the bills  we are judged on how we show up and its hard when your clothes are old you need a haircut you cant contribute to an office gift or potluck cant afford the healthcare that you need etc i know that i could be doing more in my work if i wasnt carrying the weight of this stress with me all the time and i had the money that i need to take care of myself ', 'makes it hard to concentrate worrying about paying bills', 'sometimes i cannot focus on work because i am working about how to pay bills and get food']","['sometimes i lack focus because i worry about not finding a place to stay when i wear out my welcome at brothers home', 'normally it doesnt it is not the main concern i have in terms of the questions asked fluctuations in bills sometimes cause stress but i work hard to budget and cut back if needed', 'preoccupies my brain and emotional power i drag myself to work have a hard time connecting with people and having patience since some days these insecurities are greater i have a lower productivity level ', 'hard not to think about debt while at work', 'it affects me in how i think and learn new tasks at work when i dont have enough food or worried about my rent its more challenging to dig in and keep going ']"
19,41,19_inflation_increase_raise_rising,"['inflation', 'increase', 'raise', 'rising', 'pay', 'years', 'match', 'with', 'over', 'give']","['need better pay with this rising inflation', 'pay more and keep up with inflation give raises when there is inflation ', 'inflation']","['it makes me angry that its so hard to get a raise in line with inflation ive been with unm for over 15 years and while we get good benefits those are also extremely expensive even as a single mom i shouldnt have to struggle this much after this many years ', 'need better pay with this rising inflation ', 'makes me take on a heavier workload to counter inflation and rising costs and make ends meet', 'inflation', 'no job is requested if prices rise']"
20,40,20_bad_ok_half_good,"['bad', 'ok', 'half', 'good', 'fine', 'now', 'sicne', 'assited', 'lets', 'mildly']","['not bad', 'not half bad', 'not half bad']","['not that much sicne am assited by my patner ', 'slightly', 'huge', 'a little', 'not bad']"
21,38,21_living_cost_wages_salaries,"['living', 'cost', 'wages', 'salaries', 'increase', 'insurance', 'pay', 'of', 'deductions', 'our']","['increase salaries to match the cost of living in the area', 'allow us to control how much we contribute to out retirement i canâ€™t afford to give 10 of my paycheck at this time offer an affordable plan for meals at the dining hall for staff increase our department budget so we can hire more staff that will support our needs including drivers facilities management in athletics admin staff or gas allow athletics to hire student workers as needed we are working off a budget of 40k per year to staff our home events and any other needs i work every home event and often donâ€™t have a day off i would have time for my masters degree and the ability to pay my rent if these things happened ', 'ask for budget increase or seek additional funding to be able to increase salaries that match the high cost of living in this area ']","['always competing to get full time work to rise above the cost of living since covid changed everything ', 'compensation for all jobs needs to be reevaluated benefits cost for medical needs to be reevaluated regarding the 203040 percent requirement ', 'provide stipends for the cost of living expenses ', 'allow us to control how much we contribute to out retirement i canâ€™t afford to give 10 of my paycheck at this time offer an affordable plan for meals at the dining hall for staff increase our department budget so we can hire more staff that will support our needs including drivers facilities management in athletics admin staff or gas allow athletics to hire student workers as needed we are working off a budget of 40k per year to staff our home events and any other needs i work every home event and often donâ€™t have a day off i would have time for my masters degree and the ability to pay my rent if these things happened ', 'yearly cost of living increase ']"
22,37,22_help_assistance_people_need,"['help', 'assistance', 'people', 'need', 'get', 'support', 'helping', 'hope', 'counseling', 'those']","['we need help', 'people by and large need to be responsible for their wellbeing  the bible states that every able bodied person should work to support themselves and contribute to the support of others in need  yes sometimes assistance is needed and that is why i donate and volunteer at a food pantry in my home community  ', 'thank you for asking these questions many of us are stuck btw not qualifying for assistance and not being able to pay the bills  we need more services on a sliding scale when someone does not qualify for assistance bc theyre 20 over the income limit that 20 is not enough to pay for any services  ']","['collect funds for those who need assistance', 'allow people to take care of themselves and do not provide any type of assistance', 'i hope it can be improved', 'more support and financial help', 'have events to discuss this including formation on how to get help where to get help and wherehow to donate for those who can or are willing to']"
23,36,23_faculty_staff_wages_pay,"['faculty', 'staff', 'wages', 'pay', 'earn', 'salaries', 'better', 'and', 'teaching', 'than']","['increase salaries for faculty and staff', 'pay higher wages to staff the fact that faculty get bonuses and incentives and annual raises every single year whereas staff has only seen an increase in the last couple of years is absurd staff often work harder than faculty and without the perks of fom and annual raises and bonuses you cannot discuss equity without talking about the glaring issue that faculty earn so much more than staff and many have simply completed a basic degree ', 'the pay is insufficient even for faculty who have been here many years  students who we encourage to get an education see people with 10  years of university and phds earning less than a manager at a starbucks with a high school diploma  they take note of this and basically think we are stupid to go into a profession that pays so little  the colleges view is that if anyone in teaching wants to earn good money get out of teaching as fast as possible and go into administration because thats where the money is  but what if teaching is our gift and we want to share that but also earn a decent salarythe college doesnt care the board and the legislature doesnt have a clue and they think administrators are more qualified nothing could be further from the truth or that they have more responsibility    but they are constantly saying that we the faculty are facetoface with students and thats the most important thing but obviously it isnt because they wont pay us what were worth  so many people are leaving this profession because of poor treatment  never say people dont go into education for the money its a vocation no it isnt its a job a job that requires years of graduate school  we earn and deserve decent paywere not mother theresa were people who want to look after our families ']","['professor salaries have fallen so much i have to work a second job to make ends meet', 'i am often stressed or thinking about extra ways to make money to supplement my faculty income ', 'increase pay for its employees vouchers for students', 'raise wages across the board living wages for grad students research students and post docs higher wages for all staff lower insurance costs lower tuition costs lower student housing costs stop catering to business models and start treating the school as a public service ', 'they could pay us better instead of giving the raises to executive administration they could provide better housing for faculty and staff as well as students ']"
24,34,24_resources_students_information_available,"['resources', 'students', 'information', 'available', 'reach', 'website', 'them', 'services', 'more', 'known']","['more awareness of lobopantry  i became more aware of it during the pandemic continue raising more visibility to faculty if resources to support students consider how the fragmentation of information across jnmâ€™s website might lead to missed opportunities to support students consider a ux designer consult for our website', 'have more resources for students ', 'students are often left in the dark about resources that are meant for them we have been struggling to find a way to get word out about services and resources like the food pantry we ahve tried class visits posting on canvas emails etc and students are still unaware ']","['i work with students and sometime have to find resources for them', 'just continue to address the problem  try to reach more students in need', 'more easy access options for students that donâ€™t require them to look for or apply for resources ', 'help not only students but staff ', 'making more services available and known to students ']"
25,34,25_loans_students_housing_help,"['loans', 'students', 'housing', 'help', 'financial', 'aid', 'state', 'and', 'provide', 'federal']","['expand financial aid for basic needs increase financial aid for students in need of assistance with food and housing costs this could include grants loans and workstudy opportunities', 'colleges and universities can help address food and housing insecurity in several ways these can include providing emergency food and housing assistance increasing access to affordable housing providing free food pantries and offering education and programs to help students better manage their finances additionally schools can partner with outside organizations to provide students with additional resources such as legal aid and mental health support', 'i having been a student in the bad old days some of the issues with food was that i did not qualify for any assistance  my undergraduate was from texas am and they had a great program from former students that supplied loans that did not have interest to pay tuition which could be paid off at the end of semester  there were enough jobs around that i could work several and pay it off  graduated without debt  here there are not enough jobs even though the city is much bigger and federal loans is the only way especially for graduate students to make ends meet  the grad students at texas had health insurance which eased my burden  of course the state had approved such a thing  ']","['provide more opportunities for students to learn more about programs to help with food and housing insecurity ', 'im not convinced universities are the place for solutions i think other holistic support provides by experts would be more useful and fixing the systemic issues underlying poverty and food insecurity ', 'they have made active strides to provide for students with the limited funding they receive from the state it is hard to serve students and staff what they need with grant assistance from the state we could help solve food insecurity in rural areas such as this', 'they should find programs that is not a loan or use the term loan it drives people away and misleading when some of the program are free without payback', 'i am not really sure there would be anything a college could do to help i mean other then share resources from the community that could help such as snap or food bank']"
26,34,26_itâ_donâ_theyâ_doesnâ,"['itâ', 'donâ', 'theyâ', 'doesnâ', 'hasnâ', 're', 'isnâ', 'know', 'iâ', 'wish']","['i donâ€™t know ', 'i donâ€™t know ', 'donâ€™t exploit your foreign employees and assume theyâ€™ll take that because theyâ€™re foreigners ']","['it just doesâ€¦', 'it doesnâ€™t ', 'it hasnâ€™t i manage ', 'it doesnâ€™t ', 'it isnâ€™t ']"
27,34,27_food_provide_more_options,"['food', 'provide', 'more', 'options', 'variety', 'vendor', 'availability', 'services', 'available', 'choices']","['support a food vendor with consistent hours of operation and in a way that food prices are relatively inexpensive and with at least some healthy options', 'have more food options', 'programs  services need to adapt existing services to accommodate shifts in the client base such as providing foodshelter assistance and other kinds of housing or financial assistance']","['i am finally able to provide food for myself with snap', 'programs  services need to adapt existing services to accommodate shifts in the client base such as providing foodshelter assistance and other kinds of housing or financial assistance', 'limited options mean limited food im still able to work it is the accumulation of other bills that makes good food choices harder', 'give more access to food ', 'support a food vendor with consistent hours of operation and in a way that food prices are relatively inexpensive and with at least some healthy options']"
28,33,28_not_really_bod_,"['not', 'really', 'bod', '', '', '', '', '', '', '']","['not', 'not', 'not']","['not', 'not', 'not ', 'not ', 'not']"
29,32,29_focus_unable_hard_concentration,"['focus', 'unable', 'hard', 'concentration', 'makes', 'concentrate', 'tasks', 'cannot', 'work', 'focused']","['unable to focus', 'hard to focus', 'hard to focus']","['unable to focus completely in work', 'falta de concentration y participacion disponibilidad', 'inability to focus or commit', 'i get distractedcant focus sometimes', 'it makes it hard to concentrate on my job ']"
30,31,30_adjuncts_adjunct_pay_wage,"['adjuncts', 'adjunct', 'pay', 'wage', 'first', 'living', 'professors', 'lost', 'an', 'better']","['pay adjuncts a living wage', 'pay adjuncts a living wage ', 'pay adjuncts more']","['keep a job because it pays better adjunct where i can to make ends meet', 'i would like to have a wagesalary that reflect the amount of work i do for my adjunct position ', 'please increase salary for adjunct faculty', 'pay adjuncts a reasonable wage', 'they could pay us a living wage after taxes i make about 12 dollars an hour again my position requires years of experience and a masters degree']"
31,29,31_say_answer_prefer_comment,"['say', 'answer', 'prefer', 'comment', 'suggestions', 'let', 'previous', 'ideas', 'thought', 'mind']","['i prefer not to answer', 'prefer not to say', 'prefer not to say']","['i try not to let it', 'i dont let it', 'it doesnt care to say i dont let it', 'prefer not to say', 'prefer not to answer']"
32,29,32_doesnt_it_moment_younger,"['doesnt', 'it', 'moment', 'younger', 'luckily', 'fortunately', 'blessed', 'thankfully', 'fortunate', 'realize']","['it doesnt', 'it doesnt', 'it doesnt ']","['i am blessed that is does not', 'it doesnt', 'it doesnt', 'it doesnt', 'it doesnt']"
33,28,33_time_this_at_never,"['time', 'this', 'at', 'never', 'not', 'times', 'way', 'isnt', 'often', 'no']","['not at this time  ', 'not at this time ', 'not at this time']","['never ', 'it is not at this time', 'at times', 'never', 'never']"
34,28,34_free_students_faculty_breakfast,"['free', 'students', 'faculty', 'breakfast', 'meals', 'provide', 'meal', 'special', 'lunch', 'for']","['provide free faculty breakfast lunch and dinner free faculty housing to solve the worries of faculty', 'provide free meals to students', 'provide free food to students']","['free nutritious meals for faculty would help', 'give full time faculty meal passes during the semester', 'provide free food to students', 'free food or lower priced for the students ', 'offer meal plans to employees part time students']"
35,28,35_que_de_la_los,"['que', 'de', 'la', 'los', 'un', 'comida', 'con', 'por', 'para', 'mi']","['apilar con comida en buenas condiciones que no estã© caducada y sea comida fresca y saludable y apilar con vivienda a los que viven fuera en la calle siempre y cuando quieran superarse', 'me gustaria que los bancos y las agencias que ofrecen alimentos no preguntaran por documentos que las personas no tienen para poder ser elegibles para la comida', 'aumentar mi salario sin que me lo quite mi aseguransa por que nomas nos suven un poco la aseguranza se queda con el']","['cheque a cheque pero sale la quincena ', 'de manera que afecta mi salud fisica y mental', 'no cuento con muchos ingresos ', 'mi trabajo no esta afectado pero me afecta la inseguridad de mi comunidad especialmente a los que sirvo todos los dias', 'etoy agradecida de tener un empleo']"
36,27,36_nothing_else_share_perceived,"['nothing', 'else', 'share', 'perceived', 'luna', 'input', 'shouldnt', 'anything', 'problems', 'think']","['nothing', 'nothing ', 'nothing']","['nothing', 'nothing because i am perceived as someone who shouldnt have these problems', 'nothing for me', 'nothing', 'im not sure what else luna could do']"
37,26,37_meals_cheaper_options_meal,"['meals', 'cheaper', 'options', 'meal', 'healthy', 'provide', 'mostly', 'nutritional', 'served', 'affordable']","['i can only afford to cook at home mostly we have ground beef or chicken potatoes rice or pasta and bread that is not good when im diabetic ', 'provide affordable meal options ', 'have cheaper healthier food when i was a contractor stationed at intel they served healthy food for 1 during the covid pandemic there were not many options but they served breakfast lunch and dinner at certain hours of the day']","['i mostly eat foods that i fear are contributing to my prediabetic condition but are affordable', 'i can only afford to cook at home mostly we have ground beef or chicken potatoes rice or pasta and bread that is not good when im diabetic ', 'provide healthy and inexpensive food optionschoices', 'offer a more varied menu other than fast food that is reasonably priced vending machines that offer a better choice than chipscookies over 130', 'cheaper food options']"
38,25,38_affecting_work_my_is,"['affecting', 'work', 'my', 'is', 'it', 'currently', 'not', 'affect9ng', 'thankfully', 'employment']","['it is not affecting my work', 'it is not affecting my work', 'it is not affecting my work']","['it is making me look for other employment', 'it is not currently affecting my work or situation', 'it is not affecting my work', 'it is not affecting my work', 'it is not affect9ng my work']"
39,25,39_applicable_not_engaged_lucky,"['applicable', 'not', 'engaged', 'lucky', 'either', 'am', 'me', 'to', '', '']","['not applicable', 'not applicable', 'not applicable']","['not applicable', 'not applicable', 'not applicable', 'not applicable ', 'not applicable']"
40,25,40_pantry_students_food_we,"['pantry', 'students', 'food', 'we', 'it', 'about', 'read', 'alleviate', 'so', 'everyone']","['biology has a food pantry because we found that students are hungry during the day so we provide a place for them to grab a bite during the day or take home something for supper  we are aware that hunger is an issue and we are trying to do a little to alleviate that situation for those who need it', 'it is good that we have a food pantry for students and staff however it seems so secretive about its processes  a more transparent distribution system would help alleviate the stigma of going there for many students i donate to the food pantry quite often but i have never seen it or seen anyone accessing it  ', 'i think the food pantry is a wonderful feature but i think that we need to provide more access to fresh foods and culturally significant foods we have a diverse student body from many cultures and providing opportunities for then to have food familiar to them is important maybe grocery vouchers instead of the food pantry or in addition to it so that students could get food that arent normally donated ']","['today is our grand opening for daccâ€™s comfort casita food pantry we hope this will help all students with food insecurities  ', 'work more with students to access food pantry open a cafe or cafeteria', 'food pantry meals on site for students and staff ie box lunches', 'provide a better stocked pantry and make it more accessible to students', 'have a food pantry for everyone not just students  ']"
41,24,41_cnm_montoya_pantry_assistance,"['cnm', 'montoya', 'pantry', 'assistance', 'nice', 'great', 'offers', 'food', 'id', 'thats']","['provide how meals at montoya campus cnm', 'cnm does food banks which is really nice  anyone with an id can get food students and faculty  great job cnm', 'not many food options on the cnm campus']","['cnm does a food pantry expanding and increasing how often it offers food as well as the types of food couldnt hurt', 'provide how meals at montoya campus cnm', 'i think the food pantry is a great wait to address food insecurity but i think we need to do more at cnm i would love to see the food pantry grow to more become a place where students staff and faculty can go for clothing furniture assistance with apply for stategovernment assistance legal and mental counseling etc ', 'more days open for the cnm main campus food panrty  its only open once a week and the line is always wrapped around the building  students and some employees need more', 'the food pantry at cnm is tremendous when i was able to get to the pantry i always had fresh fruit and veggies ']"
42,23,42_worry_will_bills_enough,"['worry', 'will', 'bills', 'enough', 'about', 'rent', 'worrying', 'constant', 'able', 'mortgage']","['just the constant worry of whether or not i will be able to pay rent and get groceries', 'i worry about my next meal or if i will have enough money to pay my rent and additional bills as well as gas', 'more at the level of a constant worry will rent go up and force us to move will we make enough to pay all the bills and buy food for us and pets  will i get enough classes to be able to pay off what we have to put on credit card that kind of thing']","['i just worry that i wont be able to make my mortgage payment ', 'i worry i will never be able to afford a place of my own because costs and interest rates are out of control', 'i worry about my next meal or if i will have enough money to pay my rent and additional bills as well as gas', 'not really just got a full time job and insurance hope things will get better ', 'right now work and my ability to obtain food and housing has been fine  more income would be great but i am doing okay right now i worry about increasing costs and my salary not being able to keep up if that happens ill need to look at another job but right now it is okay']"
43,23,43_life_hard_work_get,"['life', 'hard', 'work', 'get', 'harder', 'done', 'gotta', 'healthily', 'baby', 'thus']","['life will get better and better', 'life is hard', 'it is making it difficult to get ahead and thus my quality of life has suffered ']","['tired of working but its gotta get done', 'i still get all my work done on time', 'just try to work more ', 'i cannot drive to work all 5 days', 'it can be hard']"
44,23,44_sure_im_unsure_idea,"['sure', 'im', 'unsure', 'idea', 'know', 'not', 'do', 'unknown', 'knowledgeable', 'question']","['im not sure', 'im not sure', 'im not sure']","['unsure', 'im not sure ', 'i have no idea ', 'good question ask them', 'i have no idea']"
45,22,45_moment_at_isnt_not,"['moment', 'at', 'isnt', 'not', 'currently', 'sorry', 'noticed', 'it', 'now', 'present']","['not at the moment', 'it is not at the moment', 'at the moment it is not']","['currently it is not', 'it isnt currently', 'no at present', 'it isnt currently', 'at the moment it isnt']"
46,21,46_does_it_not_alot,"['does', 'it', 'not', 'alot', 'already', 'doesnt', 'make', 'work', '', '']","['it does not ', 'it does not', 'it does not']","['it does not', 'it does not', 'it does not', 'it does not', 'it does not']"
47,21,47_vouchers_stores_grocery_donate,"['vouchers', 'stores', 'grocery', 'donate', 'boxes', 'donation', 'pantries', 'case', 'items', 'food']","['food pantries or vouchers', 'provide vouchers to those who need it', 'food vouchers utilities vouchers']","['provide an anonymous  food pantry or vouchers available to everyone not just select groups', 'partner with grocery stores and companies like pepsi who can donate food and beverages and receive tax write offs to offset the donation', 'there could be free food boxes where people can donate food and also take it', 'more food pantry donations that are advertised instead of once a year advertisement  ', 'provide vouchers to those who need it']"
48,20,48_resources_available_promote_more,"['resources', 'available', 'promote', 'more', 'advertise', 'say', 'fits', 'audience', 'target', 'judgmental']","['provide more resources for the community ', 'more resources ', 'community resources']","['using work resources to network and to find available resources where my unique criteria fits', 'promote it more ', 'do more events that displayshare the resources available ', 'just continue to promote  share what is available', 'continue providing resources']"
49,20,49_transportation_bus_public_route,"['transportation', 'bus', 'public', 'route', 'routes', 'buses', 'come', 'city', 'the', 'parking']","['i appreciate that this survey exists i think the public transportation piece is really important we were excited about the blue bus but havent heard any updates is that still happening it would be great if we could have a unmtaos shuttle that goes into town it would be great advertising for unmtaos and could maybe even increase enrollment ', 'both as a former student and an employee i have found the lack of public transportation to the sfcc campus to be very disappointing we are only a handful of miles from 3 rail runner stations and down town santa fe but there is very little transportation  in addition the few buses that do come to the school do not come regularly or at times that may work for those students that need to work during the day ', 'the city of albuquerque has decreased bus services they discontinued a route that would place me within walking distance of my home i now must ride later bus and walk in the dark home at lease 12 times a week the commuter routes feel safer than the lomas route example i have had two scary rides with people who had outbursts and were threatening to the bus driver and other passengers the city bus is much more focused on downtown workers with regular work hours and not unm workers who have later and earlier working hours that are not consistent i  have only one car and share with my spouse so that i can afford for my disabled son to have transportation i pay for the least expensive unm parking but park in the lot only about once a week it is expensive parking for just once a week']","['inability to get a means of transportation', 'client accessibility difficulty reaching out to the client base due to limited resources or the lack of transportation options that may prevent clients from seeking services', 'our campus has a food bank student housing public transport to campus and good staff who work hard to assist students with any hardships  i dont have a solution', 'my students often report they have poor access to reliable transportation i know the college has some funding for these emergencies but the need is greater i think than whats available and there is limited awareness of assistive funds among my students', 'lobby for them not to cut the bus routes especially the blue line from the west side that allows people to get to the food banks and shelters for free ']"
50,20,50_isnt_it__,"['isnt', 'it', '', '', '', '', '', '', '', '']","['it isnt', 'it isnt', 'it isnt']","['it isnt', 'it isnt', 'it isnt', 'it isnt', 'it isnt']"
51,20,51_santa_fe_new_albuquerque,"['santa', 'fe', 'new', 'albuquerque', 'here', 'espanola', 'income', 'nm', 'in', 'mexico']","['when i thought i was going to have to move i found that my income did not measure up to current rental prices in santa fe  i wondered if retiring from the school and getting a new job would give me better total income to help me get by but i am still here  the idea was not a higherpaid position it was that i would have retirement income plus another job', 'housing costs are too high for wages in nm  renting or owninga one bedroom apartment in an average neighborhood costing 1400 or a mortgage costing 1400  my take home pay does not allow for me to spend that much  i rent from a friend of the family and they discounted the rent so i could stay there long term  i do not have a vehicle payment  i do not travel nor spend much on entertainment  nm has never been good to me about wages versus cost of living  i have always struggled in this state  i am a graduate of nmsu and i have a masters degree  i hope this helps  i would like to ask the state of nm to think about adding the roadrunner train to socorro or a charter bus  we currently use van pools and car pools  i would like to ride the train', 'espanola is under researched  there is a stigma towards this community from legislatures educated groups outside states  we are struggling  we need rehab centers and initiatives to help the addictedsick youth young families and the elderly  espanola is becoming a 3rd world country  please have some sympathy andor empathy for the people here please work with hector balderas and our young mayor who are the only ones who are willing to advocate for us here  also espanola is a broad home term that defines anyone who lives north of santa fe or in north central new mexico  ']","['when i thought i was going to have to move i found that my income did not measure up to current rental prices in santa fe  i wondered if retiring from the school and getting a new job would give me better total income to help me get by but i am still here  the idea was not a higherpaid position it was that i would have retirement income plus another job', 'albuquerque rents and home prices have skyrocketed while unm salaries and wages are stagnant this is not acceptable i live in my rv by choice but if i wanted to move to albuquerque it would be a financial burden', 'offer resources in albuquerque', 'partner with the city of albuquerque to provide resources for unhoused members of unm community  ', 'i would hope new mexicos government will consider help provide equitable resources to low income and rural areas we are often neglected food and housing insecurity leads to higher rates of dropouts and class failures']"
52,20,52_know_dont_don_,"['know', 'dont', 'don', '', '', '', '', '', '', '']","['i dont know', 'i dont know', 'dont know']","['dont know', 'i dont know', 'i dont know', 'dont know', 'dont know']"
53,20,53_tuition_less_college_books,"['tuition', 'less', 'college', 'books', 'student', 'fees', 'make', 'classes', 'universities', 'totally']","['make college more affordable including tuition housing books board fees  the cost for a student to attend college for two semesters should be no more than the average student can make with a full time summer job', 'i do not think a college can be everything but there is a lot of support for students faculty and staff are struggling to make ends meet because we never truly get a raise anytime we get a little more it gets taken away by an increase in the cost of a benefit and the net affect is that we make less and less the demands of work are more and more outside the classroom as we are asked to do more and more in addition to just teaching our classes this means that we have less time to focus on preparing classes and are working harder for even less ', 'i have a good support system and am lucky enough to receive medicaid but if i did not have those i cannot imagine where i would be many people attending universities have a lot less unm has some programs to help their students but they are still very expensive which is by far the biggest obstacle for students i attended college there in my mid 20s so i had no scholarship even though i was a great student with great grades i now have student loans i will be paying off for the next few decades making college classes less expensive having cheaper parking passes and better scholarships would go a long way to making housing and food more secure so much money went into my education and even more with interest will too books supplies transportation less working hours and time away from home all cost money too']","['if students canâ€™t afford to attend classes then our numbers decline i may not have a job next semester ', 'make it affordable for students', 'free tuition fees and books state supported', 'lower tuition', 'educational seminars on affordable living in todays world and greater dissemination of information and resources']"
54,19,54_sure_not_to_,"['sure', 'not', 'to', '', '', '', '', '', '', '']","['not sure', 'not sure ', 'not sure']","['not sure', 'not sure', 'not sure', 'not sure', 'not sure']"
55,19,55_anxious_anxiety_makes_feeling,"['anxious', 'anxiety', 'makes', 'feeling', 'emotionalmental', 'severe', 'tension', 'gatherings', 'scared', 'me']","['anxious', 'it makes me feel anxious', 'makes me anxious']","['makes me scared', 'makes me anxious and difficult to focus or embarrassed to participate in groups or gatherings', 'it makes me feel anxious', 'anxious', 'no such concerns for the time being']"
56,19,56_cafeteria_canteen_open_reopen,"['cafeteria', 'canteen', 'open', 'reopen', 'cafe', 'build', 'bring', 'nationality', 'back', 'deli']","['have a cafeteria', 'have a cafeteria ', 'have a cafeteria']","['reopen cafeteria', 'have a cafeteria', 'bring cafeteria back', 'bring back our cafe', 'have the cafeteria open longer']"
57,19,57_thank_thanks_you_doesnt,"['thank', 'thanks', 'you', 'doesnt', 'asking', 'doing', 'does', 'already', 'this', 'for']","['thank you', 'thank you', 'thank you']","['doesnt', 'does not', 'doesnt', 'doesnt', 'does not']"
58,19,58_stress_stressed_causes_timing,"['stress', 'stressed', 'causes', 'timing', 'edge', 'depresses', 'mental', 'adds', 'stressing', 'distraction']","['stress', 'stress', 'stress']","['mental stress ', 'depresses me', 'stress keeps me from doing my best ', 'more stress', 'mental stress causes distraction']"
59,19,59_thank_you_no_thanks,"['thank', 'you', 'no', 'thanks', 'ery', 'gathering', 'nope', 'important', 'information', 'this']","['no thank you', 'no thank you', 'no thank you ']","['offer some', 'no thank you', 'no thank you', 'no thanks', 'no thank you']"
60,18,60_anxiety_lack_stress_depressed,"['anxiety', 'lack', 'stress', 'depressed', 'work', 'interferes', 'depression', 'stability', 'increases', 'like']","['the mood is depressed affecting the work a factor of instability lack of stability', 'increases anxiety which interferes with sleep which interferes with getting to work on time and completing all of my job duties', 'where do i begin stress anxiety depression lack of time lack of energy lack of hope lack of mental health lack of support or understanding from work ']","['the stress can be depressing and cause me to have poor concentration and anxiety', 'im anxious and depressed so that affects my work also when i have to teach and work other jobs im exhausted and not as good of a teacher as id like to be', 'iâ€™m always counting down to payday which creates stress and anxiety', 'there are days when i feel overly stressed and cannot face work', 'its been manageable coping']"
61,17,61_insecurity_many_students_plates,"['insecurity', 'many', 'students', 'plates', 'overweight', 'obese', 'morbidly', 'insecurities', 'are', 'extremely']","['in glancing around the cafeteria and the townone sees many many many morbidly obese and moderately overweight individuals rarely does one see thin people in this community', 'i am very concerned about students and trainees impacted by housing and food insecurity particular medical students and residents there are fewer supports in place for professional students than undergraduates their schedules are extremely intense they are likely to be in high debt situations their work hours are extremely long so many services would be closed when the students would be able to access them and there is great stigma about reaching out for help', 'this food insecurity issue has been blown way out of proportion in facti often see morbidly obese and just overweight and fat students all around campus and i am not alone when i lunch with coworkers we see obesity and students eating plates and plates of pizza instead of a nutritious well balanced meal']","['food and housing insecurity affect some of my students although i do not know who or when', 'students who are food or housing insecure are harder to teach ', 'i am very concerned about students and trainees impacted by housing and food insecurity particular medical students and residents there are fewer supports in place for professional students than undergraduates their schedules are extremely intense they are likely to be in high debt situations their work hours are extremely long so many services would be closed when the students would be able to access them and there is great stigma about reaching out for help', 'my students are more often food and housing insecure than they were before the pandemic', 'food insecurity affects my teaching']"
62,17,62_housing_pantry_dorms_benefit,"['housing', 'pantry', 'dorms', 'benefit', 'having', 'university', 'students', 'food', 'name', 'more']","['if the school could apply for a grant or figure out some way to provide quality housing to students and even temporary housing for new faculty it would be a great benefit to the school also if there is a way to develop a cafeteria plan for students that is tied in with their tuition students could have access to food security during their time at mesalands faculty  staff could also benefit if they chose to ', 'i believe in having housing open for those who commute further or having more staff housing food security i do believe having a food pantry available would resolve the need for food for our students and staff our campus has only one gas station and has minimal options a food pantry can provide healthy alternatives for our students to choose from and host cooking classes for our students to help prepare those healthy meals', 'change the name of the food pantry to free groceries or something without stigma host more popup events where you go to the dorms or student employment and just talk about the food pantry the food pantrys name makes it seem like the students need to prove they are lowincome or that they desperately need food to go create more affordable housing or at least reduce the other costs associated with housing like parking student fees books etc if there is mandatory housing for firstyear unm students renovate laguna hokona and the older dorms to make it a little more appealing to pay that hefty monthly rent ']","['if the school could apply for a grant or figure out some way to provide quality housing to students and even temporary housing for new faculty it would be a great benefit to the school also if there is a way to develop a cafeteria plan for students that is tied in with their tuition students could have access to food security during their time at mesalands faculty  staff could also benefit if they chose to ', 'cheaper tuition cheaper housing expanded food pantry', 'more affordable house for student who have no where else to go  more food pantry locations around campus that are fully funded by unm and not dependent on donations  food pantries should be open every day of the seek and for longer hours', 'i think the college does a good job of addressing food insecurity  and provides information about resources for housing insecurity  as a community college there are no dorms but perhaps there could be it would be great to have an affordable cafeteria on campus again  ', 'provide cheaper housing for students more housing safer housing and more food pantry options']"
63,17,63_doing_they_job_already,"['doing', 'they', 'job', 'already', 'are', 'plenty', 'think', 'lot', 'great', 'thru']","['they are doing a great job ', 'i think they are doing a great job ', 'i think they are doing a great job']","['we are in the works of addressing it', 'they are doing a great job ', 'they are doing well', 'they do what they can', 'they are doing a lot ']"
64,17,64_school_responsibility_university_good,"['school', 'responsibility', 'university', 'good', 'very', 'think', 'doing', 'pleased', 'policemen', 'institutionâ']","['i think the university is doing a good job ', 'my school is very good', 'the school is very good']","['college doing a good job', 'i am very pleased with my institutionâ€™s efforts ', 'not the colleges problem that my responsibility', 'i honestly donâ€™t think its the collegeâ€™s role or responsibility to do this', 'my university is doing very well']"
65,17,65_affordable_housing_options_campus,"['affordable', 'housing', 'options', 'campus', 'banks', 'students', 'build', 'might', 'along', 'offer']","['offer affordable and healthy food options build dorms for students with families or offer affordable housing for students near campus', 'it might be helpful to students to have a housing office where rental information is posted and updated  we already have food banks on different campuses which is good  it might be even better to have food banks on wheels  in other words have food banks that can actually go to meet people where they are instead of having them come to campus  this might lessen stigma and reach more people  i am not sure about this but my impression is that most students are now online and not attending inperson classes and a traveling food bank might be better able to reach people where they are  of course it would be more expensive ', 'i am really proud of our campus recent food security initiative in launching the campus cabinet food bank for current and prospective students i would like to see the campus cabinet grow to increase capacity with food pick ups and include basic hygiene and household items such as shampoo soap deodorant detergents etc i would also like to see our campus address our lack of oncampus housing since we are a community college in a small city serving primarily nontraditional students i dont know that dorms would be feasible but i would like to see us partner with local housing programs to provide subsidized housing for students or perhaps launch a roommatefinding program to help students reduce housing costs ']","['the food pantries are very helpful i think it would be good to have cheaper housing options for community college students and also better affordable food options on community college campuses', 'i am really proud of our campus recent food security initiative in launching the campus cabinet food bank for current and prospective students i would like to see the campus cabinet grow to increase capacity with food pick ups and include basic hygiene and household items such as shampoo soap deodorant detergents etc i would also like to see our campus address our lack of oncampus housing since we are a community college in a small city serving primarily nontraditional students i dont know that dorms would be feasible but i would like to see us partner with local housing programs to provide subsidized housing for students or perhaps launch a roommatefinding program to help students reduce housing costs ', 'offer affordable and healthy food options build dorms for students with families or offer affordable housing for students near campus', 'college could build dormitories local towncounty could focus more on affordable housing it feels like there are several food pantriesfood banks in our community for those with food insecurities', 'more healthy food options and availability throughout the entire campus not just in the sub unm needs more student housing especially for graduate students that is affordable']"
66,16,66_free_meals_waste_seems,"['free', 'meals', 'waste', 'seems', 'hotdogsnachosetc', 'grains', 'appear', 'nutritionist', 'bin', 'freebies']","['provide more free food', 'provide more free food', 'free food']","['i really dont know it seems asking for free stuff just makes for people to take advantage that causes those that really need it to go without someone has to pay for the freebies but it seems the usual recipients are the scammers', 'free food events  hotdogsnachosetc so that it does not appear that it would be my only meal for the day', 'free meals ', 'free meals that include fresh fruits vegetables and whole grains', 'hope there are more free meals']"
67,16,67_nope_nah_no_,"['nope', 'nah', 'no', '', '', '', '', '', '', '']","['nope ', 'nope', 'nope ']","['nope ', 'nope ', 'no', 'no', 'no']"
68,16,68_lunch_bring_lunches_supposed,"['lunch', 'bring', 'lunches', 'supposed', 'youre', 'situation', 'work', 'parents', 'parking', 'going']","['for me its not really but for those who get 12 hour for lunch it probably is affecting their health and work because theyd need to bring food to work or eat snacks from the machines', 'i do not eat out for lunch  i am the only person in my office who goes home to eat lunch  it is cheaper  i do not engage in that social aspect of lunch hour currently i live in my parents rental mobile home for free this is supposed to be temporary  i have a car payment and pay utilities  i cannot afford the monthly car insurance that i am supposed to pay my parents ', 'a good breakfast can have you energized for the day lunch gets you back going without a meal you can not feel concentrated or feel groggy my housing situation stresses me out i cant afford to move out of an apartment and live on my own if i did my financial food situation would be extremely worse']","['just need to be creative with my lunch breaks sometimes ', 'less lunches at work', 'sometimes i cannot afford to bring food to work ', 'finding a place close by work to buy lunch', 'i do not eat out for lunch  i am the only person in my office who goes home to eat lunch  it is cheaper  i do not engage in that social aspect of lunch hour currently i live in my parents rental mobile home for free this is supposed to be temporary  i have a car payment and pay utilities  i cannot afford the monthly car insurance that i am supposed to pay my parents ']"
69,15,69_effect_affect_impact_no,"['effect', 'affect', 'impact', 'no', 'comparative', 'little', 'great', 'much', 'have', 'not']","['no effect', 'no effect', 'no effect']","['no affect ', 'no affect', 'no affect', 'no effect', 'not much impact']"
70,14,70_prices_rising_grocery_increasing,"['prices', 'rising', 'grocery', 'increasing', 'expensive', 'expenses', 'takeout', 'suffering', 'luxury', 'deals']","['because of rising food prices', 'higher pay to compete with rising prices of groceries or having more available at food pantries', 'increasing food prices mean tough choices about meals and what we have at home i have to make several grocery trips to find deals and that means less time working']","['increasing food prices mean tough choices about meals and what we have at home i have to make several grocery trips to find deals and that means less time working', 'food is expensive ', 'most of the people are suffering from high grocery store expenses', 'stress about increasing food cost', 'i have been looking for a higher paying position to keep up with the grocery expenses']"
71,14,71_unm_principles_programs_hardship,"['unm', 'principles', 'programs', 'hardship', 'break', 'does', 'loan', 'im', 'new', 'based']","['more advertising for the programs unm does a not of what unm does isnâ€™t widely known', 'i have had the pleasure and enjoyed my work here at unm especially with the students and staff unfortunately i have had to make the hard decision to leave unm to pursue other employment opportunities based on higher wages less retirement deductions and no parking fees unm entity is a great establishment i am just so sad i have to leave based on my current needs financially i am praying i can come back once all this financial hardship passes i love the campus  ', 'im not sure what unm does but when i was in college the dorms often closed for holidays and school breaks such as spring break thanksgiving and winter break this was a substantial hardship for me if unm has a similar policy i would encourage them to reconsider ']","['unm is going down and i am getting old too many useless people in administration with fat checks and little brain', 'make it more knowni had no idea unm helped with assistance ', 'im relatively new to unm and nm so im not sure', 'im not sure what unm does but when i was in college the dorms often closed for holidays and school breaks such as spring break thanksgiving and winter break this was a substantial hardship for me if unm has a similar policy i would encourage them to reconsider ', 'perhaps private donors could give to a fund that would provide extra resources to those in need at unm']"
72,14,72_pay_more_me_money,"['pay', 'more', 'me', 'money', 'goverment', 'us', 'give', 'less', 'charge', 'funds']","['pay more', 'pay more ', 'pay me more ']","['pay more ', 'pay me more ', 'pay more charge less', 'more funds', 'pay people more']"
73,14,73_fulltime_because_support_enough,"['fulltime', 'because', 'support', 'enough', 'retirement', 'make', 'age', 'family', 'my', 'son']","['i feel secure my disabled adult son lives with a family member and he and i feel insecure about his current and long term living situation esp when i retire and am on a fixed income i will need to continue working as long as possible to help support my son', 'my family lives in las cruces and i live in socorro five days out of the week to work here i leave for work at 5 am on monday and go back home 5 pm on friday i have a toddler and a girlfriend going to university fulltime i cant marry because theyll lose the goverment assistance they need to get by they cant move here because there is no support system in soccorro like there is for them in cruces ', 'in one of the text boxes i explained this but i want to share it here so it is obvious im temporary parttime faculty but im working over fulltime i work more than a fulltime employee depending on the semester this semester im 108 employed despite this insane amount of work i make very little worry about saving for retirement dont have any job security dont have reliable benefits and feel my only option to make this work is to live with my parents and eat their food']","['i feel secure my disabled adult son lives with a family member and he and i feel insecure about his current and long term living situation esp when i retire and am on a fixed income i will need to continue working as long as possible to help support my son', 'i work multiple jobs to be able to pay the bills and be sole support of my child', 'its not but only because my mom gives me and my wife 10000 a year to help us out', 'it isnt right now but i worry that it could in the future even though i make what i consider to be a generous salary i make enough to support myself just fine but as my parents age i really worry about the additional financial burden of having to support them ', 'its more the other way around  im not paid enough to provide for my family']"
74,14,74_drives_bank_banks_food,"['drives', 'bank', 'banks', 'food', 'funding', 'plummet', 'prominent', 'drivesavailability', 'eviction', 'relocation']","['food drives', 'the food bank i understand its not thriving right now funding is down and so the food available is low i changed my donation deduction through my employer to support the food bank maybe its making a small difference', 'more food banks drives']","['food drives', 'we do have a food bank we would benefit from having a reliable source of funding to stock it better ', 'more food banks drives', 'food banks helping me takes a month to get paid as new employees ', 'the highlands satellites could have more prominent signs for food banks and other resources']"
75,14,75_housing_welfare_stale_rentalmortgage,"['housing', 'welfare', 'stale', 'rentalmortgage', 'incomes', 'plans', 'marketing', 'coordination', 'escalating', 'sliding']","['provide housing on a sliding scale provide free meals for those with low incomes', 'offer more opportunities for free or discounted food we had a snack cafe but it closed and was also very expensive im unsure about housing options', 'more advertising on where to access free food  better coordination and marketing of housing availability it feels almost impossible to find info on shared housing lowcost housing shelter housing what to do if you have no housing etc']","['food is mainly stale at times and housing costs are high', 'our rentalmortgage and food prices are too high ', 'provide housing on a sliding scale provide free meals for those with low incomes', 'offer more opportunities for free or discounted food we had a snack cafe but it closed and was also very expensive im unsure about housing options', 'subsidize meal plans and housing ']"
76,13,76_money_job_looking_second,"['money', 'job', 'looking', 'second', 'am', 'jobs', 'salary', 'want', 'lunch', 'worked']","['earning more money would be nice i am the breadwinner for a family of six daycare and housing costs are very high and even though i make good income relative to many people it is still not enough inflation and childcare costs have hit us really hard ', 'im always looking for a better paying job i dont want to leavechange roles but i need to make more money to support my family', 'i sometimes have to take leave because i dont have money for gas because i spent the last of my money on food from the dollar tree buying a couple of items to last a week or two when i am really in a pinch and have no extra money for food i do not take a lunch break because i have nothing to eat i usually work through lunch so i dont have to spend any additional money on lunch i will use that money for dinner i am also looking for a parttime job to generate additional funds so i would be working 1216 hour days if i secure a parttime job ']","['i need a job with a better salary why should i care about a job that barely pays me enough to scrape by ', 'i have had to get a second and third job i work gig jobs to provide enough money to get through the weeks ', 'i am constantly looking for more work opportunities where i can make extra money', 'have to work two jobs', 'im always looking for a better paying job i dont want to leavechange roles but i need to make more money to support my family']"
77,13,77_hasnt_has_it_compared,"['hasnt', 'has', 'it', 'compared', 'yet', 'not', 'see', 'good', 'other', 'many']","['it hasnt', 'it hasnt', 'it hasnt']","['it has not ', 'it hasnt', 'it hasnt ', 'it hasnt', 'it has not ']"
78,12,78_cafeteria_steady_selection_price,"['cafeteria', 'steady', 'selection', 'price', 'start', 'reasonable', 'serve', 'shac', 'dishes', 'assistancediscount']","['have a cafeteria that provides healthy meals at a reasonable price', 'have a better selection of nutritious food at cafeteria at a reasonable price', 'the cafeteria could start offering a la carte dishes and serve people as individuals and not forcing people to take a whole meal when all they want is a simple serving  im not saying that they should offer less and cut everything down  they just need to allow people to choose what they want to eat  maybe serve by the items of choice per person']","['cheaper food options in the cafeteria ', 'provide cafeteria or meal plan options ', 'more support for the food pantry better staff shac open an affordable healthy cafeteria in the sub', 'provide a steady cafeteria with healthy options and steady availability', 'have a better selection of nutritious food at cafeteria at a reasonable price']"
79,11,79_reduce_selctions_posada_mercado,"['reduce', 'selctions', 'posada', 'mercado', 'affordable', 'options', 'prices', 'lower', 'pricing', 'costs']","['reduce costs', 'lower the prices at the mercado', 'reduce cost of la posada']","['make it more available and cheaper', 'better options and affordable ', 'reduce costs', 'better options and pricing', 'other more selctions and not as expensive']"
80,11,80_hours_early_leave_pantry,"['hours', 'early', 'leave', 'pantry', 'longer', 'line', 'open', 'often', 'items', 'afternoon']","['i do not have a place to store food at work such as a refrigerator because of this i often leave work early to go home and eat', 'longer cafeteria hours more days out the week for the food pantry', 'the food pantry often runs out of food if youre not in line early hence having to leave work to line up early i often only get a few items which really doesnt make it worth it ']","['i do not have a place to store food at work such as a refrigerator because of this i often leave work early to go home and eat', 'i sometimes have to leave work to go to a food pantry which is an embarrassing excuse to leave ', 'more hours and food items at the westside food pantry', 'make the food pantry available in hours outside of the normal work day', 'additional food pantry hours']"
81,11,81_rent_lease_goes_ago,"['rent', 'lease', 'goes', 'ago', 'again', 'will', 'worry', 'my', 'up', '1200']","['it isnt affecting my work at this time  my rent contract is due for renewal soon and i worry about the rent hike i know is coming  my apartment complex has been sold twice in the last 5 years', 'right now im at stable spot but i worry about new rental leasing with rent increaseslandlords or property management not fulfilling their legal roles my partner and i want to mortgage a house but it seems impossible when we eventually face these issues im sure it will negatively affect my work', 'the local landlords are charging too much for rent  the apartment that i used to rent for 350 25 years ago is now 1200  a student working 20 hours a week makes just enough to pay rent']","['if the rent goes up again after my lease is up i probably wont be able to keep working at cnm', 'right now im at stable spot but i worry about new rental leasing with rent increaseslandlords or property management not fulfilling their legal roles my partner and i want to mortgage a house but it seems impossible when we eventually face these issues im sure it will negatively affect my work', 'it is hard to want to work hardenjoy work when one out of two paychecks each month goes completely to rent ', 'since i took a pay cut this year with rent increased i have been barely making it by', 'worry about rent']"
82,11,82_wages_increase_university_prices,"['wages', 'increase', 'university', 'prices', 'on', 'campus', 'wage', 'healthier', 'single', 'offer']","['increase wages and offer healthy food options on campus', 'increase free or inexpensive food availabilityboth hot food and food pantries increase salaries for lowest paid employees include regular cost of living raises for employees offer access to resources for single parentsa faculty income might be fine for one single person but it is extremely difficult to raise a family on 55000 a year particularly while paying down student loans ', 'pay a living wage full benefits and demand that any contractors doing business with university also pay a living wage and benefits immediately cease any contracts with companies that violate union busting laws bargain in good faith with all university workers unions do not participate in real estate deals that are likely to lead to gentrification foodhousing insecurity is not just a university problem work with statemunicipal government to to provide food security to all not just university community']","['pay living wages lower food prices on campus offer more choices', 'increase our wages to keep up with inflation rates provide affordable healthy balanced meals on campus all the time during the week ', 'offer better wages it does not make sense that i can work at a fast food restaurant and make the same or less than i do working at a college', 'pay staff a higher wage provide healthier foods in cafeterias and other food outlets on campus subsidizing healthier options', 'pay a living wage full benefits and demand that any contractors doing business with university also pay a living wage and benefits immediately cease any contracts with companies that violate union busting laws bargain in good faith with all university workers unions do not participate in real estate deals that are likely to lead to gentrification foodhousing insecurity is not just a university problem work with statemunicipal government to to provide food security to all not just university community']"
83,11,83_homeless_shelter_type_filling,"['homeless', 'shelter', 'type', 'filling', 'some', 'dedicated', 'being', 'who', 'campus', 'dorms']","['providing housing for students facing homelessness  city shelters are often full or not applicable for students  a unm run shelter for students could look like a building dedicated to the sheltering of such students with transportation to campus provided if the shelter is off campus or the use of empty dorms around campus  providing a free meal once a day on campus for anyone with a valid unm id  ', 'in this small community the increase in homeless people has inclreased so much becuase of aprtments being unsafe there are even small children who attend elementary school and speak to the fact that they have no place to sleep and the only place they eat is at school during the day but there is no meals provided to them them in the evening weekends or holidays when the schools are no in session', 'we have a food pantry for college students to utilize but i feel that students feel shame for asking for help when it should not feel like that for anybody in general for housing insecurity we have students who live on campus but due to the nature of having to pass classes and keep financial aid is a requirement to live on campus but some students wait until the very last minute to ask for any type of assistance and end up being homeless because they lost their privilege to stay in the dorms there is no local homeless shelter large enough to house anyone who is struggling to find a place to stay and thats the problem theres plenty of churches being built in the town of farmington but no willingness to build a homeless shelter for those who wont abuse the help they get']","['support community gardens not have torn down the unm student housing complex that could have housed many homeless', 'it would probably help our students if they could have help with filling in paperwork for hud housing or other low income housing on campus also some help in filling in any type of applications that are hard to understand for any type of low income support ', 'i think the university could set aside some student housing for students who are homeless in exchange for mandatory community service', 'find a way to use campus dorms for homeless on the old college of santa fe grounds', 'providing housing for students facing homelessness  city shelters are often full or not applicable for students  a unm run shelter for students could look like a building dedicated to the sheltering of such students with transportation to campus provided if the shelter is off campus or the use of empty dorms around campus  providing a free meal once a day on campus for anyone with a valid unm id  ']"
84,11,84_insurance_health_nmsu_faculty,"['insurance', 'health', 'nmsu', 'faculty', 'facultystaff', 'love', 'cost', 'wish', '1700month', 'assisted']","['perhaps have an assisted homebuying program for faculty stanford has a program reduce the cost of medical insurance for family plants mine is about 1700month if i had just half that money as additional takehome pay id be in a much better financial situation ', 'increase minimum faculty pay have better health insurance choices pay graduate students a living wage and include tuition stipends and health insurance ', 'health insurance is very high and continues to grow each year  i have reduced my level of health insurance due to this high cost  it would be very helpful for the college to pay a higher amount for the health insurance']","['as usual i wish facultystaff were able to get more regular pay raises i think this would help those who are in serious crises otherwise i think nmsu does what it can to help students and facultystaff with the aggie cupboard and other resources ', 'offer health insurance to adjunt professors and honestly just more resources ', 'decent affordable health insurance would make a huge difference the nmpsia plan that teachers have is expensive and doesnt cover much ', 'perhaps have an assisted homebuying program for faculty stanford has a program reduce the cost of medical insurance for family plants mine is about 1700month if i had just half that money as additional takehome pay id be in a much better financial situation ', 'increase minimum faculty pay have better health insurance choices pay graduate students a living wage and include tuition stipends and health insurance ']"
85,11,85_has_hasnt_past_not,"['has', 'hasnt', 'past', 'not', 'have', 'time', 'this', 'but', 'at', 'no']","['has not ', 'has not', 'has not']","['not at this time but has in the past ', 'hasnt ', 'has not ', 'has not ', 'has not ']"
86,10,86_cared_dorms_they_would,"['cared', 'dorms', 'they', 'would', 'larger', 'our', 'students', 'groups', 'dorm', 'some']","['these are complex problems with no simple or single solution that said universities and colleges provide the opportunity for 1 community building 2 education prevention and awareness and 3 research into social and economic issues in order to find solutions in creating community universities could begin programs for students to find roommate matches or living situations either amongst each other or with willing foster families in the community alumni chapters could be a great place to start with this sort of approach', 'if we could have housing for students somehow i know that having dorms on campus is a long way off if at all and wouldnt solve the larger systemic problems of housing but i would love to see more housing options for students it would also be great if we had something once to twice a week with free meals some places ive lived larger cities have had hot meals provided by volunteer groups like food not bombs or even meals by donation by certain religious outreach groups ', 'our motto is icare which couldnt be further from the truth  administration tries to run the college like a business and only cares about the almighty   they are so antiemployee and antifaculty which impacts the entire campus  if they truly cared about our students they would provide more food resources for our students and more assistance in other areas when our students cant find housing our student achievement center hands the student a piece of paper with numbers for apartment complexes  if they cared they would actually make phone calls it would show they cared  i also would like to see some temporary emergency housing offered for our students']","['provide safe  clean dorms for college students as well as more workstudy positions to help students help themselves', 'nmjc and state of nm could buy the vacant lea regional hospital building near campus turn the property into low income housing or dorms allow cafeteria access to residents ', 'if we could have housing for students somehow i know that having dorms on campus is a long way off if at all and wouldnt solve the larger systemic problems of housing but i would love to see more housing options for students it would also be great if we had something once to twice a week with free meals some places ive lived larger cities have had hot meals provided by volunteer groups like food not bombs or even meals by donation by certain religious outreach groups ', 'let me live in the dorm at a low price', 'i hope they can receive funding to build dorms and a cafeteria']"
